mean_temp,std_temp,rain_total,days_rain,snow_total,days_snow,mean_sunshine,mean_daylight
6.094682639764607,8.832372733646737,662.5692307692308,106.15384615384616,125.8276923076923,37.46153846153846,25651.460882723833,44419.23808532997
24.562100949094045,2.0933205338026037,1111.8929824561403,140.91228070175438,0.012280701754385965,0.0,36209.144298724954,43652.194339468886
11.294196058950158,8.123180516247256,762.6090909090908,109.15151515151516,35.199393939393936,8.696969696969697,30362.799856764366,44018.24824391456
23.651001821493626,1.2887737602532938,2801.9814814814813,257.1111111111111,1.05,0.4444444444444444,33465.54187107873,43638.68244282534
21.895707070707072,5.792388175731631,318.4606060606061,43.21212121212121,0.9672727272727273,0.36363636363636365,38266.52728100679,43758.88823315118
