mean_temp,std_temp,rain_total,days_rain,snow_total,days_snow,mean_sunshine,mean_daylight
6.387683686176837,7.441436988296698,769.3090909090909,113.72727272727273,184.19545454545454,46.09090909090909,23917.761509339976,44541.555063511834
22.116943683409435,3.0325933857429006,858.1622222222223,110.28888888888889,1.4575555555555557,0.4444444444444444,35785.938163774736,43675.41036651446
11.86422065901518,8.491231485240819,701.772972972973,92.21621621621621,45.7327027027027,11.162162162162161,30845.67965938541,44041.407364679755
25.135912776069333,1.2719237971558641,2290.3591836734695,235.81632653061226,0.07571428571428572,0.04081632653061224,33860.65050656975,43649.23040760414
22.442067840834962,6.191873237695404,209.9047619047619,32.523809523809526,1.8066666666666666,0.47619047619047616,37129.0832159165,43774.32826484019
