mean_temp,std_temp,rain_total,days_rain,snow_total,days_snow,mean_sunshine,mean_daylight
6.055034246575342,8.901503252103494,632.8249999999999,109.16666666666667,110.95,31.75,26337.1614086758,44493.99827853881
24.16227680680208,1.7203970713244567,1217.7931034482758,157.27586206896552,0.05068965517241379,0.017241379310344827,36275.829134624466,43645.839345772314
10.999592846270929,8.596942399644815,565.05,85.86111111111111,36.0325,9.527777777777779,31543.21645814307,44047.83107305936
22.878481238832638,1.213049591787371,3005.5391304347822,281.04347826086956,2.002608695652174,0.30434782608695654,32744.74869565217,43638.672458606314
21.609552780016116,5.613998682796363,364.3,48.794117647058826,0.01852941176470588,0.0,38006.0095004029,43770.319884770346
