{"Kabul": 69.165833333, "Tirana": 19.817777777, "Algiers": 3.058611111, "Andorra la Vella": 1.522222222, "Luanda": 13.234444444, "St. John's": -61.844722222, "Buenos Aires": -58.381944444, "Yerevan": 44.514444444, "Oranjestad": -70.035833333, "Canberra": 149.126944444, "Vienna": 16.3725, "Baku": 49.835183333, "Manama": 50.5775, "Dhaka": 90.394444444, "Bridgetown": -59.616666666, "Minsk": 27.561837, "City of Brussels": 4.351666666, "Belmopan": -88.7675, "Porto-Novo": 2.616666666, "Thimphu": 89.63367, "La Paz": -68.133333333, "Sarajevo": 18.413055555, "Gaborone": 25.908611111, "Bras\u00edlia": -47.882777777, "Bandar Seri Begawan": 114.916666666, "Sofia": 23.321726, "Ouagadougou": -1.5275, "Gitega": 29.925, "Phnom Penh": 104.921027777, "Yaound\u00e9": 11.518055555, "Ottawa": -75.695, "Praia": -23.509155555, "Bangui": 18.562833333, "N'Djamena": 15.05, "Santiago": -70.65, "Bogot\u00e1": -74.08175, "Moroni": 43.253611111, "Avarua": -159.771, "San Jos\u00e9": -84.079613888, "Zagreb": 15.977222222, "Havana": -82.358888888, "Nicosia": 33.365, "Prague": 14.421388888, "Kinshasa": 15.311944444, "Copenhagen": 12.568888888, "Djibouti City": 43.148055555, "Roseau": -61.383333333, "Santo Domingo": -69.936111111, "Quito": -78.5125, "Cairo": 31.235833333, "San Salvador": -89.191155555, "Malabo": 8.7737, "Asmara": 38.916666666, "Tallinn": 24.745, "Lobamba": 31.206411, "Addis Ababa": 38.736944444, "T\u00f3rshavn": -6.77135, "Palikir": 158.185, "Suva": 178.433333333, "Helsinki": 24.9375, "Paris": 2.352222222, "Libreville": 9.4544, "Tbilisi": 44.7925, "Berlin": 13.383333333, "Accra": -0.1969, "Gibraltar": -5.35, "Athens": 23.728055555, "Nuuk": -51.733333333, "St. George's": -61.753055555, "Guatemala City": -90.513333333, "Conakry": -13.712222222, "Bissau": -15.595555555, "Georgetown": -58.150833333, "Port-au-Prince": -72.340277777, "Tegucigalpa": -87.204705555, "Budapest": 19.040833333, "Reykjav\u00edk": -21.935, "New Delhi": 77.208888888, "Jakarta": 106.826944444, "Tehran": 51.389722222, "Baghdad": 44.366111111, "Dublin": -6.260277777, "Jerusalem": 35.225555555, "Rome": 12.482777777, "Yamoussoukro": -5.274166666, "Kingston": -76.793055555, "Tokyo": 139.691666666, "Amman": 35.933333333, "Astana": 71.433333333, "Nairobi": 36.817222222, "Amsterdam": 4.883333333, "South Tarawa": 172.966666666, "Prishtina": 21.166666666, "Kuwait City": 47.98, "Bishkek": 74.566666666, "Vientiane": 102.63, "Riga": 24.106944444, "Beirut": 35.513055555, "Maseru": 27.48, "Monrovia": -10.804722222, "Tripoli": 13.18746, "Vaduz": 9.522222222, "Vilnius": 25.28, "Luxembourg": 6.132777777, "Antananarivo": 47.525, "Lilongwe": 33.783333333, "Kuala Lumpur": 101.695277777, "Mal\u00e9": 73.508333333, "Bamako": -7.992222222, "Valletta": 14.5125, "Majuro": 171.3802, "Nouakchott": -15.9785, "Port Louis": 57.498888888, "Mexico City": -99.13589, "Chi\u0219in\u0103u": 28.835277777, "Commune of Monaco": 7.425277777, "Ulaanbaatar": 106.905515, "Cetinje": 18.924722222, "Rabat": -6.836111111, "Maputo": 32.576388888, "Naypyidaw": 96.115, "Windhoek": 17.083611111, "Yaren District": 166.920867, "Kathmandu": 85.32, "Wellington": 174.777222222, "Managua": -86.272986111, "Niamey": 2.1175, "Abuja": 7.491388888, "Alofi": -169.921, "Pyongyang": 125.7475, "Skopje": 21.431666666, "Oslo": 10.738888888, "Muscat": 58.592222222, "Islamabad": 73.036944444, "Ngerulmud": 134.624167, "Panama City": -79.534722222, "Port Moresby": 147.149444444, "Asunci\u00f3n": -57.634444444, "Beijing": 116.407526, "Lima": -77.0375, "Manila": 120.977222222, "Warsaw": 21.011111111, "Lisbon": -9.139016, "Doha": 51.529436111, "Brazzaville": 15.271111111, "Bucharest": 26.097777777, "Moscow": 37.6175, "Kigali": 30.060555555, "Basseterre": -62.734166666, "Castries": -60.983333333, "Kingstown": -61.22742, "Apia": -171.833333333, "San Marino": 12.44845, "Riyadh": 46.71, "Dakar": -17.432, "Belgrade": 20.456944444, "Victoria": 55.454444444, "Freetown": -13.235555555, "Singapore": 103.8, "Philipsburg": -63.043333333, "Bratislava": 17.112777777, "Ljubljana": 14.506111111, "Honiara": 159.95}