{"Kabul": 34.532777777, "Tirana": 41.328888888, "Algiers": 36.776388888, "Andorra la Vella": 42.507222222, "Luanda": -8.838333333, "St. John's": 17.121111111, "Buenos Aires": -34.599722222, "Yerevan": 40.181388888, "Oranjestad": 12.518611111, "Canberra": -35.293055555, "Vienna": 48.208333333, "Baku": 40.366655555, "Manama": 26.225, "Dhaka": 23.728888888, "Bridgetown": 13.0975, "Minsk": 53.902246, "City of Brussels": 50.846666666, "Belmopan": 17.25, "Porto-Novo": 6.483333333, "Thimphu": 27.47135, "La Paz": -16.495833333, "Sarajevo": 43.856388888, "Gaborone": -24.656944444, "Bras\u00edlia": -15.793888888, "Bandar Seri Begawan": 4.916666666, "Sofia": 42.697886, "Ouagadougou": 12.368611111, "Gitega": -3.428333333, "Phnom Penh": 11.569583333, "Yaound\u00e9": 3.857777777, "Ottawa": 45.424722222, "Praia": 14.917719444, "Bangui": 4.37325, "N'Djamena": 12.11, "Santiago": -33.4375, "Bogot\u00e1": 4.60971, "Moroni": -11.703611111, "Avarua": -21.207, "San Jos\u00e9": 9.932738888, "Zagreb": 45.813055555, "Havana": 23.136666666, "Nicosia": 35.1725, "Prague": 50.0875, "Kinshasa": -4.321944444, "Copenhagen": 55.676111111, "Djibouti City": 11.595, "Roseau": 15.3, "Santo Domingo": 18.4625, "Quito": -0.22, "Cairo": 30.044444444, "San Salvador": 13.697597222, "Malabo": 3.752063888, "Asmara": 15.333333333, "Tallinn": 59.437222222, "Lobamba": -26.44648, "Addis Ababa": 9.027222222, "T\u00f3rshavn": 62.00981, "Palikir": 6.917777777, "Suva": -18.133333333, "Helsinki": 60.170833333, "Paris": 48.856666666, "Libreville": 0.3901, "Tbilisi": 41.7225, "Berlin": 52.516666666, "Accra": 5.55602, "Gibraltar": 36.14, "Athens": 37.984166666, "Nuuk": 64.175, "St. George's": 12.0525, "Guatemala City": 14.641666666, "Conakry": 9.509166666, "Bissau": 11.859166666, "Georgetown": 6.805833333, "Port-au-Prince": 18.546944444, "Tegucigalpa": 14.105783333, "Budapest": 47.498333333, "Reykjav\u00edk": 64.1475, "New Delhi": 28.613888888, "Jakarta": -6.175277777, "Tehran": 35.688888888, "Baghdad": 33.315277777, "Dublin": 53.349722222, "Jerusalem": 31.778888888, "Rome": 41.893055555, "Yamoussoukro": 6.816111111, "Kingston": 17.971388888, "Tokyo": 35.689444444, "Amman": 31.95, "Astana": 51.133333333, "Nairobi": -1.286388888, "Amsterdam": 52.366666666, "South Tarawa": 1.333333333, "Prishtina": 42.666666666, "Kuwait City": 29.375, "Bishkek": 42.866666666, "Vientiane": 17.98, "Riga": 56.9475, "Beirut": 33.886944444, "Maseru": -29.31, "Monrovia": 6.310555555, "Tripoli": 32.87519, "Vaduz": 47.140555555, "Vilnius": 54.687222222, "Luxembourg": 49.610555555, "Antananarivo": -18.91, "Lilongwe": -13.983333333, "Kuala Lumpur": 3.147777777, "Mal\u00e9": 4.175, "Bamako": 12.645833333, "Valletta": 35.897777777, "Majuro": 7.0918, "Nouakchott": 18.08581, "Port Louis": -20.161944444, "Mexico City": 19.353773, "Chi\u0219in\u0103u": 47.022777777, "Commune of Monaco": 43.730555555, "Ulaanbaatar": 47.921357, "Cetinje": 42.389444444, "Rabat": 34.025277777, "Maputo": -25.915277777, "Naypyidaw": 19.7475, "Windhoek": -22.57, "Yaren District": -0.5477, "Kathmandu": 27.71, "Wellington": -41.288888888, "Managua": 12.156383333, "Niamey": 13.515, "Abuja": 9.055555555, "Alofi": -19.056, "Pyongyang": 39.016666666, "Skopje": 41.996111111, "Oslo": 59.913333333, "Muscat": 23.613888888, "Islamabad": 33.698888888, "Ngerulmud": 7.500556, "Panama City": 8.971111111, "Port Moresby": -9.478888888, "Asunci\u00f3n": -25.28, "Beijing": 39.90403, "Lima": -12.06, "Manila": 14.595833333, "Warsaw": 52.23, "Lisbon": 38.708042, "Doha": 25.286205555, "Brazzaville": -4.269444444, "Bucharest": 44.413361111, "Moscow": 55.750555555, "Kigali": -1.953611111, "Basseterre": 17.298333333, "Castries": 14.016666666, "Kingstown": 13.15527, "Apia": -13.833333333, "San Marino": 43.932011111, "Riyadh": 24.65, "Dakar": 14.672555555, "Belgrade": 44.817777777, "Victoria": -4.623611111, "Freetown": 8.487222222, "Singapore": 1.3, "Philipsburg": 18.024166666, "Bratislava": 48.144722222, "Ljubljana": 46.051388888, "Honiara": -9.433333}