mean_temp,std_temp,rain_total,days_rain,snow_total,days_snow,mean_sunshine,mean_daylight
0.35312776112776123,5.099676747167849,97.75818181818181,15.818181818181818,34.46036363636364,9.090909090909092,17788.63446293706,33065.30502390942
13.723421470780805,3.9163757165550654,177.56960784313725,22.823529411764707,1.1920588235294118,0.29411764705882354,29714.102345721865,39788.94790797783
7.200362561616538,6.1177118266526715,174.89268292682928,29.024390243902438,24.276341463414635,6.170731707317073,33270.706278331956,49646.446712823235
24.47173703370367,1.0023549041540956,504.57945736434107,57.35271317829457,0.02767441860465116,0.011627906976744186,35270.35959446586,44300.44169240039
23.231151243942392,2.591426083885746,78.45408163265306,12.974489795918368,0.008214285714285714,0.0,40344.62571908914,46991.35149572109
