mean_temp,std_temp,rain_total,days_rain,snow_total,days_snow,mean_sunshine,mean_daylight
-2.715217391304348,4.226991624545752,142.8,16.0,161.21,31.0,28641.213369565216,54559.51923913043
21.45294384057971,3.602307982573866,46.28333333333333,8.416666666666666,0.0875,0.0,40105.08054951691,45835.63910929952
8.0944540513834,6.348387518926463,174.8272727272727,27.704545454545453,15.12159090909091,3.8863636363636362,34830.02970355731,49356.28644268774
25.717648741418763,1.4138326487379413,197.79736842105262,31.07894736842105,0.0,0.0,39066.843495423345,44525.612182494275
23.181484683794466,1.219736044738393,477.66818181818184,56.27272727272727,0.06363636363636364,0.022727272727272728,34463.15498517786,43102.711321640316
