mean_temp,std_temp,rain_total,days_rain,snow_total,days_snow,mean_sunshine,mean_daylight
24.835754245754245,0.8365775541611677,550.5872727272728,63.07272727272727,0.021636363636363634,0.0,34503.487756243754,43081.62583416583
11.875491949910554,4.279843499294006,248.53488372093022,30.186046511627907,1.9974418604651163,0.4883720930232558,23784.880598006646,38990.612535139284
1.5902197802197802,8.610936892827613,92.32,15.0,48.215999999999994,13.0,21613.322527472526,38058.070527472526
21.780863422291993,1.870329978774563,192.55142857142857,27.114285714285714,0.0,0.0,36860.42735321821,44028.07825745683
21.937516483516482,4.246802927295023,40.016,7.72,0.0392,0.0,36634.17308131868,41452.27214065934
