mean_temp,std_temp,rain_total,days_rain,snow_total,days_snow,mean_sunshine,mean_daylight
-3.000004721949802,4.680720108018072,123.73157894736842,18.789473684210527,76.02736842105263,20.42105263157895,13420.794409710172,31355.810747519576
16.922207485635447,3.2469256377986015,190.97659574468085,24.70744680851064,0.21037234042553193,0.06382978723404255,35958.3002022944,46088.3055914836
5.605541828969138,5.287285149738175,139.02291666666667,22.260416666666668,19.238333333333333,4.729166666666667,26216.314306801996,40674.94459002451
24.7374592836949,0.9156867903020416,552.2416666666667,61.122549019607845,0.07960784313725491,0.014705882352941176,34930.8268648851,44103.32694608988
25.148765202563553,1.4616970016286117,46.135862068965515,10.565517241379311,0.0,0.0,39469.45878278095,44071.208209355944
