mean_temp,std_temp,rain_total,days_rain,snow_total,days_snow,mean_sunshine,mean_daylight
24.116158841158843,1.0175152702247248,576.0545454545454,60.90909090909091,0.024393939393939395,0.0,33936.717850482855,43197.56476689977
2.8184615384615386,8.08815200068349,131.38,20.4,27.691999999999997,8.0,24196.610373626376,37692.56498901099
12.105397543632836,5.683435743729766,133.1529411764706,18.205882352941178,0.1585294117647059,0.0,26480.68350678733,39148.135449256624
22.69695512820513,3.2585362899930423,114.5125,14.395833333333334,0.0,0.0,37454.9523992674,42884.3375
10.732252747252748,6.578216292994556,141.66000000000003,23.2,7.154000000000001,1.9,25911.092197802198,39283.60218681318
