mean_temp,std_temp,rain_total,days_rain,snow_total,days_snow,mean_sunshine,mean_daylight
0.3762681159420289,6.52722806252071,163.0,25.666666666666668,54.46,16.333333333333332,31473.89507246377,52471.70663043478
24.637426839464883,2.2605823132313456,73.70769230769231,13.384615384615385,0.0,0.0,40416.55335493311,45040.697943143816
8.260612128146454,5.1511029773683,198.60526315789474,31.263157894736842,16.181052631578947,3.5789473684210527,34407.40245423341,49616.16254576659
12.810836627140974,3.963174106642762,183.05151515151513,28.03030303030303,0.4857575757575758,0.15151515151515152,36001.738675889326,48353.79739789196
23.488121118012423,1.1826079236361378,490.66964285714283,53.80357142857143,0.11375,0.017857142857142856,34639.079561335406,43296.14776785714
