mean_temp,std_temp,rain_total,days_rain,snow_total,days_snow,mean_sunshine,mean_daylight
24.06668167897676,1.0640927192088923,566.6967213114754,65.14754098360656,0.0780327868852459,0.01639344262295082,34177.75318501171,42917.66117276167
9.566926129426129,4.3219197893764765,248.5111111111111,34.44444444444444,9.101944444444445,2.25,21561.162973137973,38885.502481684984
3.445934065934066,6.232212366485204,210.56,28.4,47.32,11.4,18105.900153846153,36883.75492307692
22.164701964701965,1.8413762781196077,161.87878787878788,23.515151515151516,0.0,0.0,38261.500236430235,44404.37232101231
20.19699764521193,4.64251358591598,64.98214285714286,10.571428571428571,0.36499999999999994,0.10714285714285714,35224.87378335949,40942.121338304554
