mean_temp,std_temp,rain_total,days_rain,snow_total,days_snow,mean_sunshine,mean_daylight
-0.23408783245739784,4.146742202577214,130.36444444444444,20.68888888888889,64.23044444444444,15.155555555555555,15292.786394018274,32813.25569754974
21.04023766049518,2.3413531964334284,196.19439252336448,27.518691588785046,0.05920560747663552,0.009345794392523364,36736.39781670036,45982.1052386405
10.685634643489502,5.794133587125396,171.9764705882353,25.5,14.205882352941176,3.480392156862745,29108.111451458437,43489.559767577004
25.032158704821747,0.8092106159478603,595.2292929292929,64.97474747474747,0.011666666666666667,0.005050505050505051,33812.75408382841,43885.36384382365
24.390716265060586,2.1631306538685315,15.14516129032258,3.4086021505376345,0.012043010752688174,0.0,38294.893531975795,44196.81178893633
