mean_temp,std_temp,rain_total,days_rain,snow_total,days_snow,mean_sunshine,mean_daylight
5.698563664596273,5.515606349286716,161.32142857142858,24.928571428571427,45.84499999999999,10.0,31953.636886645963,50418.263687888204
24.541706049149337,3.5377609327166857,22.343478260869563,4.478260869565218,0.0,0.0,37943.36229206049,44835.329083175806
12.050063195146613,4.212884353777728,204.07441860465119,30.790697674418606,2.070697674418605,0.6046511627906976,33093.719954499495,48382.45111223458
23.883487511563366,1.5775284260824665,206.46808510638297,34.659574468085104,0.07595744680851063,0.0,37787.90725254394,44277.1738413506
24.949894323671497,0.8311140739811017,582.0416666666666,66.41666666666667,0.0,0.0,33079.94150966183,43370.23252415459
