mean_temp,std_temp,rain_total,days_rain,snow_total,days_snow,mean_sunshine,mean_daylight
21.754656360588566,1.631486246035014,119.37118644067796,18.76271186440678,0.0023728813559322037,0.0,36051.64474762526,41647.778588191475
-2.7923992673992672,5.362098110517324,81.47222222222223,16.055555555555557,68.70111111111112,19.27777777777778,13676.954450549449,30250.3756959707
25.058904330963152,0.8397755937996237,602.2970588235294,59.94117647058823,0.061764705882352944,0.029411764705882353,35535.24798319328,44750.293991596634
22.709857789269552,1.9444036798606201,3.929411764705882,1.0,0.0,0.0,36450.08502908856,40804.737291532
3.393171114599686,3.5874317417557076,159.22285714285715,22.37142857142857,13.722,3.657142857142857,21454.00204709576,33960.11107378336
