mean_temp,std_temp,rain_total,days_rain,snow_total,days_snow,mean_sunshine,mean_daylight
24.56236263736264,1.0186269940086656,594.6633333333334,63.43333333333333,0.04666666666666666,0.016666666666666666,33883.92015934066,43057.837719780226
11.119544740973312,5.648354677124597,247.4,31.464285714285715,3.3299999999999996,0.8928571428571429,23118.758873626375,39221.2514010989
6.585686813186813,7.410674372600994,189.01000000000002,24.7,28.161,7.1,21544.51079120879,38596.47438461539
22.35054945054945,2.2154779059548364,125.64090909090909,17.431818181818183,0.0,0.0,37319.40764735265,43446.03895604396
24.62822177822178,4.420478328266268,3.3272727272727276,0.7272727272727273,0.0,0.0,37536.464165834164,41344.210949050954
