mean_temp,std_temp,rain_total,days_rain,snow_total,days_snow,mean_sunshine,mean_daylight
24.491590612777053,1.0383568174180466,592.0033898305085,62.59322033898305,0.027288135593220336,0.0,33818.7394188862,43017.08338051779
9.75088201272412,5.194034069469531,185.68947368421053,26.18421052631579,12.052894736842106,3.0526315789473686,22635.042252747255,38634.5443319838
-1.751098901098901,6.314251860416763,223.5,30.0,171.64000000000001,31.0,15091.764505494506,34941.74472527472
22.593073593073594,1.9129921529883072,154.64545454545456,22.303030303030305,0.0,0.0,38212.61649350649,44399.23163170163
20.32122252747253,4.818358128382419,105.6,13.71875,0.048125,0.03125,34220.643811813185,40828.79457074176
