mean_temp,std_temp,rain_total,days_rain,snow_total,days_snow,mean_sunshine,mean_daylight
0.23104242979242984,4.715919994993974,123.47631578947369,20.710526315789473,71.995,17.394736842105264,15286.84973432117,32964.63757255179
19.10685630639644,3.2214693212750944,210.54102564102564,26.76923076923077,0.08525641025641026,0.02564102564102564,40048.211730389114,52626.68770359141
9.636353295975491,4.67321359712074,189.06854838709677,25.387096774193548,10.601612903225806,2.620967741935484,28213.112956332294,41616.69351051957
24.757045280796575,0.9801197706101101,519.781746031746,57.63095238095238,0.08722222222222223,0.01984126984126984,34673.25674176288,43977.509665553844
24.11361351578675,2.177505930477829,43.62625,7.94375,0.0188125,0.0,37796.0369666952,43450.19587144483
