mean_temp,std_temp,rain_total,days_rain,snow_total,days_snow,mean_sunshine,mean_daylight
24.16497645211931,0.870494621566556,697.6514285714286,69.6,0.044000000000000004,0.0,33428.25374568289,43263.370854003144
5.976800976800977,7.108601643885739,156.63333333333333,22.88888888888889,28.54444444444444,7.222222222222222,22530.833235653237,38426.71368742369
23.361933379120877,4.059621419905589,73.571875,11.0,0.0,0.0,36645.75741071429,41909.865206043956
11.869852515905148,5.052103733877701,225.86052631578949,28.44736842105263,2.87,0.6578947368421053,23920.486813186813,39083.29724985541
24.33675712043059,1.4103934032243528,232.08979591836734,34.55102040816327,0.0,0.0,36273.914424758914,43574.77169544741
