mean_temp,std_temp,rain_total,days_rain,snow_total,days_snow,mean_sunshine,mean_daylight
25.51528932225064,0.89378618358103,548.6514705882354,59.13235294117647,0.0,0.0,35271.46399776215,45361.88894820972
27.506424689440994,1.8992229550347879,13.007142857142856,3.1785714285714284,0.0,0.0,45094.83592779503,49815.92175465839
6.975271739130434,2.2396013630765306,407.7,50.5,21.35,6.0,36367.29538043478,54396.63858695651
16.940642722117204,1.867140213374094,82.76521739130435,10.695652173913043,0.12478260869565218,0.08695652173913043,33093.31506616257,40289.74733459357
18.97604813664596,3.28567068584855,210.23333333333332,32.166666666666664,0.041666666666666664,0.023809523809523808,41049.789777432714,55989.50873188406
