mean_temp,std_temp,rain_total,days_rain,snow_total,days_snow,mean_sunshine,mean_daylight
11.92151515151515,2.2557482019080743,148.38636363636363,20.227272727272727,0.29590909090909095,0.09090909090909091,30163.62203030303,37325.44181818182
-5.714444444444445,5.339050741077851,52.90833333333333,9.666666666666666,75.61749999999999,22.833333333333332,11057.409527777776,28459.772194444446
24.017805555555555,0.9743101956761047,550.2075,59.775,0.0105,0.0,35888.85080277778,45169.49118055556
23.38906378600823,1.3028514989385227,47.75555555555556,11.981481481481481,0.0,0.0,37347.47102057613,41895.32632098765
1.2241746031746032,3.722260334325588,134.67428571428573,20.65714285714286,28.37,6.371428571428571,19162.406603174604,33518.35101269841
