mean_temp,std_temp,rain_total,days_rain,snow_total,days_snow,mean_sunshine,mean_daylight
24.725467032967035,0.9871109498347159,618.4150000000001,63.31666666666667,0.025666666666666667,0.0,33446.905602564104,43087.97167032967
7.886792054099747,5.351366411626507,231.87307692307692,28.96153846153846,15.518461538461539,4.346153846153846,21159.037223161453,38373.408698224855
24.247069597069597,3.958750514055696,11.38888888888889,2.1666666666666665,0.0,0.0,37716.69169108669,41687.61616605616
22.23528502747253,1.8457422423675738,186.04375,22.90625,0.004375,0.0,37493.39604739011,44083.681751373624
14.043426943426944,4.792982431090824,224.31851851851854,26.0,1.2262962962962962,0.37037037037037035,27862.881583231585,39804.76298331298
