mean_temp,std_temp,rain_total,days_rain,snow_total,days_snow,mean_sunshine,mean_daylight
-0.7384669166812025,3.9585675897504933,112.01190476190476,18.523809523809526,57.31666666666667,14.80952380952381,15251.674921768707,31908.21775806733
7.653644389379683,6.198089929411219,188.5235294117647,28.19607843137255,22.052745098039217,5.627450980392157,32544.361268390745,48533.0452218428
12.089817185846325,3.9431466525320853,184.97659574468085,23.361702127659573,2.28468085106383,0.5531914893617021,27410.098289272806,38912.68130440035
24.528716108744785,0.9621246875273098,521.8544680851064,57.97446808510638,0.050340425531914895,0.00851063829787234,34771.38899490692,44422.706014970994
23.14988935859352,2.301541748077325,83.66478260869566,13.769565217391305,0.003652173913043478,0.0,39740.208752160295,46260.41444045392
