mean_temp,std_temp,rain_total,days_rain,snow_total,days_snow,mean_sunshine,mean_daylight
1.6857336956521738,6.709723414756637,146.875,23.0,73.3425,16.5,31003.540896739127,51427.79630434782
14.556541149068323,4.759671742937273,119.77142857142857,18.321428571428573,0.455,0.07142857142857142,38061.14541925466,47522.79269021739
7.3393408134642355,5.511533977918426,152.8741935483871,26.193548387096776,19.34935483870968,4.774193548387097,34940.11163043478,49420.02313464235
24.73825421472937,1.7544550854076082,89.43673469387754,16.489795918367346,0.0028571428571428576,0.0,39845.92854037267,44575.38427018634
22.98596547314578,1.306889959524143,500.9176470588235,55.8235294117647,0.1235294117647059,0.0196078431372549,34802.604923273655,43361.72985294118
