mean_temp,std_temp,rain_total,days_rain,snow_total,days_snow,mean_sunshine,mean_daylight
12.206994949494948,2.669099781201726,190.86818181818182,20.136363636363637,1.6354545454545457,0.5,28856.55716161616,37131.740585858584
-3.0780392156862746,5.1728459169391705,67.68823529411765,11.588235294117647,92.6470588235294,23.705882352941178,11546.28185620915,29651.741176470587
24.140616161616162,1.0277105370924773,500.77636363636367,54.85454545454545,0.2901818181818182,0.09090909090909091,35129.119585858585,44514.045745454554
23.729125,1.3224448057411524,41.815,8.975,0.0,0.0,36537.07767777778,41542.405277777776
2.716896551724138,3.968479519633855,181.151724137931,25.103448275862068,28.033793103448275,6.862068965517241,19317.38957854406,33620.750697318006
