mean_temp,std_temp,rain_total,days_rain,snow_total,days_snow,mean_sunshine,mean_daylight
25.39376923076923,0.9115567763324873,654.072,66.1,0.0,0.0,33370.422914285715,43109.73387032967
7.12012987012987,6.163840056500254,225.7,28.545454545454547,24.10545454545455,5.7272727272727275,24345.40977022977,38800.64709290709
23.39015215553677,1.904119012438012,212.78205128205127,30.794871794871796,0.10051282051282051,0.02564102564102564,36446.02552550014,43502.27068469991
13.764348151848152,4.903065416218896,240.66136363636363,30.90909090909091,0.7827272727272727,0.22727272727272727,25918.185152347654,39400.77727522478
24.65803932909196,3.9103682605587737,29.08421052631579,5.7894736842105265,0.0,0.0,37465.18049161365,42561.40798727588
