mean_temp,std_temp,rain_total,days_rain,snow_total,days_snow,mean_sunshine,mean_daylight
6.880657114624506,6.357287585009393,137.21818181818182,25.681818181818183,23.819090909090907,6.954545454545454,35053.1240958498,50076.0018527668
23.545186335403724,3.6893032614699615,35.6,6.821428571428571,0.17500000000000002,0.07142857142857142,40792.59022127329,45523.036952639755
12.02493206521739,4.828565736450629,177.740625,26.125,1.203125,0.3125,36250.344758831525,48536.06283288044
23.989945652173915,1.5244513525191825,244.75599999999997,34.94,0.0,0.0,37614.79110434782,43777.058628260864
23.806469144460028,0.8351856671295392,608.4483870967742,70.09677419354838,0.25064516129032255,0.0967741935483871,33852.914474053294,43555.51720897616
