mean_temp,std_temp,rain_total,days_rain,snow_total,days_snow,mean_sunshine,mean_daylight
25.337461180124226,0.8589019673728141,618.9200000000001,60.114285714285714,0.0,0.0,34650.87084782609,45227.173975155274
28.12075668896321,1.843292809159019,5.761538461538461,1.1538461538461537,0.0,0.0,44250.27075250836,49299.39096571906
7.664673913043478,1.3752829487789424,501.6,70.0,3.22,1.0,37058.54054347826,40799.42597826087
15.826059782608695,1.788810061060034,82.995,11.85,0.035,0.0,32016.465722826088,40045.71326630435
19.203957939508506,2.7293305836276596,227.82608695652175,32.06521739130435,0.019782608695652175,0.0,41608.535850661625,55982.31555056711
