mean_temp,std_temp,rain_total,days_rain,snow_total,days_snow,mean_sunshine,mean_daylight
5.369897342995169,6.464568468991359,136.61111111111111,25.77777777777778,35.641666666666666,8.88888888888889,32232.88967995169,50666.13614130435
24.188144122383253,3.7159787401469053,34.72592592592593,7.111111111111111,0.020740740740740744,0.0,40407.90729066022,45256.98636876006
11.116878881987578,5.270470016642041,194.21714285714287,28.514285714285716,5.528,1.1714285714285715,35074.225239130436,48251.68000931677
24.821828063241107,1.417457902969198,178.9872727272727,27.12727272727273,0.0,0.0,38420.37397628459,44014.97214624506
23.457841614906833,1.217324863637973,589.5428571428572,64.42857142857143,0.2175,0.10714285714285714,34143.58067158385,43480.216820652175
