mean_temp,std_temp,rain_total,days_rain,snow_total,days_snow,mean_sunshine,mean_daylight
-0.4106289939679886,4.440745885163866,121.4875,20.375,56.774375,14.375,17711.370707193622,33523.6724617027
21.103117560948917,2.1218233261553245,180.53303964757708,26.537444933920703,0.034845814977973566,0.004405286343612335,38105.07508028124,46241.80084914894
8.437951342136126,4.680914171762113,169.69636363636363,25.763636363636362,11.744727272727273,3.118181818181818,26779.26964279199,41060.50212934891
24.432792902385444,0.870100262869976,655.1022346368716,66.44134078212291,0.06452513966480447,0.01675977653631285,33828.858383017876,44074.07186845884
23.708653099617774,2.4137011490007394,10.904807692307692,2.576923076923077,0.009423076923076923,0.0,39450.50252939055,43990.686813898894
