mean_temp,std_temp,rain_total,days_rain,snow_total,days_snow,mean_sunshine,mean_daylight
5.205672554347826,6.140092631399189,152.6375,27.8125,28.993125,8.0,32242.115733695653,50792.97088315217
23.703328804347827,3.010866699859881,35.355000000000004,7.35,0.0,0.0,41064.36405978261,45769.79099456522
10.594340329835083,4.762396755360564,210.83793103448278,32.86206896551724,7.7796551724137935,1.6551724137931034,33854.498515742125,48725.060509745126
21.327094379639448,1.9143140222878878,227.57804878048782,29.73170731707317,0.001707317073170732,0.0,36872.6785233298,43721.64839077413
25.002276733254995,0.86779909313838,545.1594594594595,65.56756756756756,0.03405405405405405,0.0,35207.533002350174,43654.11530258519
