mean_temp,std_temp,rain_total,days_rain,snow_total,days_snow,mean_sunshine,mean_daylight
5.592663043478261,5.813110457002149,165.13,26.6,36.26,10.4,32693.042923913046,50853.50097826087
24.03679347826087,3.236452469331017,37.52333333333333,7.9,0.0,0.0,40480.04992028986,45606.28716304348
10.22961956521739,4.646555326882549,208.40833333333333,32.25,5.2636111111111115,1.5833333333333333,34435.82201388889,49095.590718599036
23.441396636587367,1.884708641727231,209.75849056603775,29.566037735849058,0.0,0.0,37738.9397292863,44256.958777686625
24.652621483375956,1.0062981200758327,605.9705882352941,63.44117647058823,0.012352941176470587,0.0,33814.321342710995,43502.52453005115
