mean_temp,std_temp,rain_total,days_rain,snow_total,days_snow,mean_sunshine,mean_daylight
-1.0319903030889057,5.190335695194122,121.32142857142857,20.178571428571427,57.027499999999996,15.428571428571429,15793.79570380482,32562.710231144632
17.763814549612604,3.5632183172512173,191.13947368421054,26.32456140350877,0.7141228070175438,0.14035087719298245,39548.65213019333,50938.68518979211
7.728173349883345,4.746878144947988,177.67216494845363,25.515463917525775,11.863917525773195,3.2371134020618557,25633.319450161423,39703.545857052006
24.606329465076207,0.9274595714929484,594.9935483870968,61.52073732718894,0.05548387096774194,0.018433179723502304,34472.43622681804,44116.8473403473
23.246075181904263,1.9969472187419415,59.090306122448986,10.831632653061224,0.0017857142857142859,0.0,37862.76591627934,42903.226163870255
