mean_temp,std_temp,rain_total,days_rain,snow_total,days_snow,mean_sunshine,mean_daylight
25.384371184371183,0.9300533220501739,672.1055555555555,64.14814814814815,0.0,0.0,32817.22758241758,42985.1899023199
7.436499215070644,5.970268794530037,181.59285714285716,26.642857142857142,18.43,5.5,20266.773045525904,38085.89762166405
21.579601648351648,1.6619928737229743,199.875,27.5,0.249375,0.03125,36831.257654532965,44396.94126717033
13.409152276295133,4.471294416755347,249.9,29.4,0.75,0.14285714285714285,25480.49218210361,39338.71985871271
23.58887362637363,3.870570579989297,62.725,7.892857142857143,0.1075,0.07142857142857142,35755.36443877551,41634.31821821036
