mean_temp,std_temp,rain_total,days_rain,snow_total,days_snow,mean_sunshine,mean_daylight
0.16185852191286976,3.6373897073727885,146.08636363636364,22.863636363636363,76.25545454545454,17.90909090909091,15394.500193773618,32938.13945695609
17.32407949116101,3.3956000501741306,204.916,28.11,0.3787,0.12,38822.817289249884,51460.65564859054
9.532343610685787,4.31196948093422,190.81259842519685,26.055118110236222,9.151811023622047,2.2755905511811023,26359.673547332502,39571.515722562275
25.208773812332353,0.9623886500245273,576.3738589211619,60.00829875518672,0.017427385892116183,0.004149377593360996,34288.69993090483,44078.6304467817
24.218290465573073,2.230445602172801,47.78703703703704,8.746913580246913,0.015987654320987654,0.006172839506172839,37798.72345015425,43402.83073715737
