mean_temp,std_temp,rain_total,days_rain,snow_total,days_snow,mean_sunshine,mean_daylight
26.182126696832576,1.0265045408852775,672.6176470588235,63.78431372549019,0.0,0.0,32881.168500323205,42994.62561947856
8.007582417582418,5.788752739907261,193.97333333333333,27.666666666666668,25.671333333333333,5.8,20672.558593406593,37620.79573626374
22.096167582417582,1.9699809380146251,246.45250000000001,29.8,0.56175,0.225,35819.8639945055,43553.87329945055
13.061888111888113,5.732566985772917,248.90303030303028,25.606060606060606,3.7015151515151516,0.8484848484848485,25441.779686979684,39364.17778221778
24.057989926739925,3.890451286625886,42.72083333333333,6.416666666666667,0.023333333333333334,0.0,36639.12006868132,42210.46758699633
