mean_temp,std_temp,rain_total,days_rain,snow_total,days_snow,mean_sunshine,mean_daylight
-0.7498105745860945,4.906764703602168,99.68478260869566,16.804347826086957,46.16347826086957,12.978260869565217,18702.77370879121,33945.73980779618
14.084075319090848,4.291236481162478,174.42142857142858,27.551020408163264,5.638571428571429,1.5714285714285714,38511.05622136958,51930.572536869746
11.632301440465177,3.6854620785591288,205.49787234042552,25.46808510638298,1.776808510638298,0.4148936170212766,26652.66784859105,38239.50177263879
24.34628381667553,0.9615933364098522,476.81320754716984,54.69433962264151,0.07290566037735849,0.01509433962264151,35586.59003783952,44163.38349507343
24.036492887765867,2.201423166813012,29.959731543624162,6.248322147651007,0.0,0.0,39546.89959660197,44308.814782761016
