mean_temp,std_temp,rain_total,days_rain,snow_total,days_snow,mean_sunshine,mean_daylight
25.685836627140976,0.9155194864099058,695.8424242424243,67.33333333333333,0.0,0.0,33997.49492753623,45275.9566814888
28.018115942028984,2.1714055202156883,32.57333333333334,5.433333333333334,0.0,0.0,44454.91336594203,49639.12998913044
12.709239130434783,3.2211879360281124,319.5,50.0,2.205,1.0,38715.4002173913,47847.70858695652
16.982254253308128,1.8049049482463033,69.0,9.91304347826087,0.012173913043478262,0.0,32574.165926275993,40441.04893194707
19.562914078674947,3.2698796129711836,251.03095238095236,32.476190476190474,0.02,0.0,40699.52590838509,56291.2092494824
