mean_temp,std_temp,rain_total,days_rain,snow_total,days_snow,mean_sunshine,mean_daylight
-2.372112725983694,4.974316138523904,82.2709677419355,13.32258064516129,68.91612903225807,17.838709677419356,14698.194733388476,31577.037546535903
17.64895637385389,3.7275069719693166,200.54857142857142,27.095238095238095,0.38533333333333336,0.10476190476190476,38309.6264620299,49983.886380865166
7.502531900348397,5.005649546711837,182.42843137254903,27.274509803921568,15.010196078431372,3.7549019607843137,26319.140121981978,41274.022145960655
24.154566502199028,0.9815851010644117,465.7303846153846,54.95384615384615,0.028,0.0,35433.06259083208,43807.49166539472
23.70324862852813,2.0545480757520074,29.681818181818183,6.14935064935065,0.0,0.0,38915.298571296196,43670.48956669452
