mean_temp,std_temp,rain_total,days_rain,snow_total,days_snow,mean_sunshine,mean_daylight
4.845108695652174,4.155527902049249,224.075,30.0,113.4525,19.0,30872.569483695654,51579.61065217391
23.651069972826086,3.6122911493408076,51.65,7.75,0.0,0.0,38016.90004076087,44992.09633152174
11.176692193675889,5.141752898440102,219.4659090909091,33.11363636363637,7.706363636363636,1.7954545454545454,32613.16400197629,49147.73289278657
24.480157004830915,1.609011946158219,214.89777777777778,32.577777777777776,0.10266666666666667,0.022222222222222223,38567.35456763285,44905.3351352657
25.53521167048055,1.1150227980019791,604.0894736842106,58.28947368421053,0.0,0.0,32882.20488272311,43168.429193363845
