mean_temp,std_temp,rain_total,days_rain,snow_total,days_snow,mean_sunshine,mean_daylight
6.829321946169772,5.385217415007001,167.61904761904762,27.0,21.076666666666668,6.333333333333333,35140.69247929606,50282.247375776395
26.31335812356979,3.1088805088214797,17.068421052631578,3.6315789473684212,0.0,0.0,40848.37318649886,45470.96409038902
11.632427536231884,4.252435497480073,181.42999999999998,28.933333333333334,1.2926666666666666,0.3,34400.919557971014,48389.60361594203
22.722733798195243,1.8398384207094725,155.43018867924528,24.30188679245283,0.0,0.0,38981.57710623462,44348.05425963905
24.149415760869566,1.0345763692975998,564.3275000000001,64.175,0.022750000000000003,0.0,34737.30401630435,43482.5382201087
