mean_temp,std_temp,rain_total,days_rain,snow_total,days_snow,mean_sunshine,mean_daylight
21.48766578249337,1.3721765507491557,154.58275862068965,24.03448275862069,0.07120689655172413,0.017241379310344827,36272.65416445623,42350.667665782494
-4.935828754578755,5.5758606890838704,79.625,14.166666666666666,105.92458333333333,24.958333333333332,15243.385247252749,31405.99570054945
24.152240067624685,0.7264679133124949,743.4038461538462,71.3076923076923,0.15884615384615383,0.038461538461538464,34317.786939983096,44607.53206677937
20.88878713878714,1.86493664934153,11.15925925925926,2.6296296296296298,0.35518518518518516,0.1111111111111111,36002.24187627187,40485.85902726903
1.729964678178964,3.925550620322782,155.59285714285716,23.642857142857142,24.7375,7.035714285714286,20688.923151491366,33652.92562009419
