mean_temp,std_temp,rain_total,days_rain,snow_total,days_snow,mean_sunshine,mean_daylight
19.354018530489117,1.839362710777732,107.75490196078431,18.098039215686274,0.026078431372549022,0.0,34110.533606981255,40701.2982309847
-1.3692807192807193,4.045741652649658,100.28181818181817,14.272727272727273,105.56636363636363,23.454545454545453,15879.719000999,30895.637652347654
24.673895492262837,0.8466708599256699,577.5775510204081,59.89795918367347,0.08571428571428572,0.02040816326530612,35123.76833594976,44034.8965328549
25.426246830092982,1.8864352938661748,0.8153846153846154,0.07692307692307693,0.0,0.0,37639.281403212175,42024.29316145393
3.5231051000281766,2.8324043781917196,156.45897435897436,25.512820512820515,15.25820512820513,4.333333333333333,18366.829239222316,32973.71480135249
