mean_temp,std_temp,rain_total,days_rain,snow_total,days_snow,mean_sunshine,mean_daylight
8.557023411371237,4.816351539141358,205.25384615384613,29.615384615384617,27.281153846153845,6.038461538461538,33022.29117474916,49549.14033862876
25.94390732265446,3.1525159461583994,19.48421052631579,3.4210526315789473,0.0,0.0,37971.08790045766,44581.63840961098
13.237666062801932,4.555469575629065,152.86666666666667,22.52777777777778,1.071388888888889,0.3333333333333333,36390.8836986715,48340.998867753624
24.78594202898551,1.5720985309205537,194.05777777777777,30.266666666666666,0.04044444444444444,0.0,38377.943852657,44189.02583574879
24.439938307873092,0.9424687154212582,587.118918918919,61.486486486486484,0.0,0.0,33273.46404524089,43383.635381903645
