mean_temp,std_temp,rain_total,days_rain,snow_total,days_snow,mean_sunshine,mean_daylight
19.668625235404896,1.7456023645256828,112.60508474576271,17.694915254237287,0.3938983050847457,0.13559322033898305,34741.98376647834,40930.66115819209
-2.8473931623931623,4.936537880498847,86.06153846153846,13.538461538461538,106.0123076923077,24.615384615384617,12081.650094017094,29321.8298974359
24.605839793281653,0.8868146586322986,569.146511627907,60.348837209302324,0.14325581395348838,0.0,34989.09302067183,44397.56809560723
21.208571428571428,1.9111688707703962,2.1714285714285717,0.7142857142857143,0.165,0.07142857142857142,35975.072452380955,40505.921587301586
1.1862908496732028,4.225218914101443,134.52941176470588,20.823529411764707,31.36205882352941,7.411764705882353,19179.420124183005,33341.07468627451
