mean_temp,std_temp,rain_total,days_rain,snow_total,days_snow,mean_sunshine,mean_daylight
12.845072463768116,2.697047902234009,163.79130434782607,18.52173913043478,2.267391304347826,0.4782608695652174,28906.62306763285,37201.17266666667
-3.296157407407408,4.455968899521335,89.09166666666668,15.5,120.96,28.916666666666668,8064.793148148149,28290.41797222222
24.51145124716553,0.9953893717097331,564.5020408163265,57.40816326530612,0.3742857142857143,0.12244897959183673,34753.25177324263,44261.80776643991
23.570185185185185,1.6124535177058603,54.90666666666667,10.577777777777778,0.0,0.0,36913.67101234568,42260.62389876543
2.983496732026144,3.8146315247637563,142.78529411764706,20.941176470588236,32.74764705882353,7.5588235294117645,18147.354091503268,33447.76390849673
