mean_temp,std_temp,rain_total,days_rain,snow_total,days_snow,mean_sunshine,mean_daylight
25.16395460358056,0.8910371478299313,603.4588235294117,65.44117647058823,0.0,0.0,34748.70260070333,45198.5253053069
27.16635375494071,1.837163030137329,20.13939393939394,4.303030303030303,0.0,0.0,43419.35809617919,48584.517332015814
6.485869565217391,1.9412332230353813,434.0,53.5,13.23,5.0,35967.45695652174,54375.37260869565
14.068350383631712,2.1744101113126924,114.3941176470588,15.705882352941176,0.19352941176470587,0.058823529411764705,31589.376150895143,39749.99205242967
18.141253791708795,2.693779793860446,205.58837209302325,32.51162790697674,0.01627906976744186,0.0,40749.40063195147,55902.71540697675
