mean_temp,std_temp,rain_total,days_rain,snow_total,days_snow,mean_sunshine,mean_daylight
25.82629925271739,0.866868888979971,677.778125,66.046875,0.0,0.0,34072.76012058424,45339.72159986413
28.650281109445277,2.1725756419063673,16.751724137931035,3.896551724137931,0.0,0.0,44223.665011244375,49879.140108695654
8.229076086956521,2.267720024137348,212.3,24.0,4.13,1.0,31491.510380434782,52638.86103260869
18.017746655518394,1.5213747593486096,71.00384615384615,11.846153846153847,0.02153846153846154,0.0,32659.074924749166,40824.434414715724
19.828662008281576,2.906953716205929,231.13809523809522,32.54761904761905,0.0,0.0,40385.98677795031,55964.97904244307
