mean_temp,std_temp,rain_total,days_rain,snow_total,days_snow,mean_sunshine,mean_daylight
25.630892857142857,0.9503483432940613,568.5314285714285,57.785714285714285,0.0,0.0,34896.61409006211,45153.91708074534
28.878166351606804,1.9008276730694829,6.108695652173913,1.6521739130434783,0.0,0.0,44631.3961294896,49456.402712665404
10.509057971014492,2.6336986459634883,269.8333333333333,43.0,3.01,1.3333333333333333,39905.445543478265,54554.85423913044
16.224301242236024,1.9063652192655396,71.62380952380951,9.428571428571429,0.01,0.0,32260.682515527955,40317.78388716356
19.513008034026463,2.7650204149936797,220.1891304347826,31.391304347826086,0.0,0.0,42389.08580576559,55595.689371455584
