mean_temp,std_temp,rain_total,days_rain,snow_total,days_snow,mean_sunshine,mean_daylight
25.07809303069054,0.8526691388141948,600.7058823529412,62.5,0.0,0.0,34931.40416240409,45019.44039961637
28.631403591682417,1.8503190556061844,8.108695652173912,1.7391304347826086,0.0,0.0,44964.54784026465,49737.5600189036
6.063586956521739,3.828142631008473,276.1,35.0,43.33,11.0,32186.374782608695,68107.38815217391
15.879891304347826,1.6878521333249146,103.58636363636364,13.545454545454545,0.3531818181818182,0.09090909090909091,32750.057559288536,40324.21340909091
20.054580745341614,2.7686070994992447,232.4877551020408,31.612244897959183,0.0,0.0,40979.50473158829,55286.704398846494
