mean_temp,std_temp,rain_total,days_rain,snow_total,days_snow,mean_sunshine,mean_daylight
1.9015494130224266,4.6375655436689085,117.10862068965517,19.948275862068964,41.111724137931034,11.0,19982.44140123482,35354.707824406934
15.771620217903216,3.8843029269968903,159.01160714285714,25.267857142857142,3.0175000000000005,0.7321428571428571,39306.748508272096,51519.30801541182
12.64440431066518,4.041802916488073,188.14555555555555,23.833333333333332,2.0416666666666665,0.5111111111111111,27499.723570266557,38585.53731194251
24.936790322054296,0.9923344698618447,510.65064935064936,55.33766233766234,0.09545454545454546,0.021645021645021644,34945.31222524496,44168.790869119606
25.080729533391565,1.9118634757000672,42.52422360248447,8.639751552795031,0.0,0.0,38883.883116641555,43825.267336340665
