mean_temp,std_temp,rain_total,days_rain,snow_total,days_snow,mean_sunshine,mean_daylight
6.666358695652174,5.369554898719334,189.48999999999998,29.0,35.266000000000005,8.6,33564.92371195652,50256.4460326087
25.11989734299517,3.406646647383995,3.672222222222222,0.9444444444444444,0.0,0.0,41582.056274154595,45692.512777777774
11.304610194902548,4.57982616422878,177.57241379310346,30.586206896551722,3.758275862068966,1.103448275862069,35695.47629310345,48749.15116191904
22.63743206521739,1.9237122963523574,143.42142857142858,22.446428571428573,0.005,0.0,38922.150706521745,44447.07690217391
23.912690217391305,0.9032134598724969,568.5899999999999,63.225,0.03325,0.0,34355.82678804347,43447.622323369564
