mean_temp,std_temp,rain_total,days_rain,snow_total,days_snow,mean_sunshine,mean_daylight
5.71231884057971,6.235572537134704,177.5095238095238,27.19047619047619,36.64666666666666,8.952380952380953,33319.89562111801,50288.03787267081
25.402717391304346,3.2100814148664054,7.707142857142857,2.0,0.0,0.0,41100.09315217391,45544.42589285714
9.770040760869565,5.775590465629057,185.9416666666667,31.083333333333332,8.268749999999999,2.2083333333333335,33601.07309782609,48602.03968749999
22.22855563743552,2.4675941776533055,127.08644067796611,20.54237288135593,0.01898305084745763,0.0,39049.11564480472,44754.53207074429
23.82490338164251,0.962743098629043,482.3222222222222,60.355555555555554,0.0015555555555555557,0.0,35385.628256038646,43582.30948550725
