mean_temp,std_temp,rain_total,days_rain,snow_total,days_snow,mean_sunshine,mean_daylight
23.515505050505052,1.3365055333088711,118.64318181818182,18.545454545454547,0.0,0.0,36518.54987626262,42242.54804040404
-3.353138888888889,4.581544995342975,101.155,14.175,70.952,18.975,14040.385205555556,31539.47376666667
24.258033033033033,0.9711516162609505,569.327027027027,61.21621621621622,0.0472972972972973,0.0,35523.76874774775,45013.32893693694
21.91248538011696,2.3611968004751045,2.6789473684210527,0.7368421052631579,0.7073684210526316,0.21052631578947367,36835.61150292398,40855.73783625731
9.806062801932368,3.0083114935591926,239.40434782608696,27.47826086956522,6.780869565217392,1.7391304347826086,27419.180357487923,36602.815120772946
