mean_temp,std_temp,rain_total,days_rain,snow_total,days_snow,mean_sunshine,mean_daylight
25.027804032766223,0.9451843616267981,609.1,62.666666666666664,0.010144927536231883,0.0,34250.644711720226,45349.26701953371
28.337447405329595,1.9490147401508413,33.877419354838715,5.387096774193548,0.0,0.0,43965.26282608695,49055.086956521736
8.975724637681159,2.649751503283884,215.5666666666667,24.666666666666668,9.636666666666667,1.6666666666666667,30056.91257246377,47864.51507246377
17.322768878718534,1.8021793274225009,66.4578947368421,8.578947368421053,0.00368421052631579,0.0,33128.75321510297,40577.2352402746
19.08156150583245,3.543234689465971,206.93658536585366,31.48780487804878,0.023902439024390244,0.0,42354.68004772004,56180.912857900315
