mean_temp,std_temp,rain_total,days_rain,snow_total,days_snow,mean_sunshine,mean_daylight
26.265541855937702,0.9436986824063596,660.5999999999999,62.507462686567166,0.0,0.0,33438.08980856586,45215.5627173913
29.364586956521737,2.3306606175193396,24.688000000000002,5.12,0.0,0.0,43546.252543478266,49664.528691304346
5.585326086956522,2.619511929662025,228.1,36.0,23.87,6.0,26084.96032608696,68067.1725
17.14873188405797,1.8491070019166802,69.02499999999999,10.0,0.17208333333333334,0.041666666666666664,33494.24829710145,40534.533881340576
20.617485822306236,2.9659335797199025,263.46521739130435,33.04347826086956,0.0,0.0,41609.997289697545,55574.92336011342
