mean_temp,std_temp,rain_total,days_rain,snow_total,days_snow,mean_sunshine,mean_daylight
25.34040110226577,0.8998165536945961,599.4042253521127,60.309859154929576,0.0,0.0,34757.54415339865,45304.79316748316
28.67804347826087,1.7970148762684934,15.42,2.72,0.0,0.0,44647.49403913043,49505.67296086957
7.084239130434782,1.5294172083291409,572.9,66.0,15.61,7.0,37025.66923913043,40781.585326086955
16.4268115942029,1.7920318527190708,64.1,9.476190476190476,0.03333333333333334,0.0,32661.658581780535,40302.871785714284
20.031364734299515,2.687150130205317,161.88666666666666,27.77777777777778,0.010888888888888889,0.0,43371.28317391304,56179.163403381644
