mean_temp,std_temp,rain_total,days_rain,snow_total,days_snow,mean_sunshine,mean_daylight
25.727678008821677,1.0098229493772526,647.931884057971,63.04347826086956,0.0,0.0,33584.327377126654,45395.63874291115
28.50098631239936,2.0927315495996277,16.711111111111112,4.0,0.0,0.0,43459.12040257649,49313.31302334944
7.938858695652174,1.7143949062171044,153.70000000000002,19.5,3.9199999999999995,1.5,35706.27875,54355.75423913043
16.668280632411065,1.858063639594664,80.05909090909091,11.454545454545455,0.022272727272727274,0.0,33416.09694664032,40280.9408596838
19.703488372093023,2.969857318923669,246.40232558139533,33.627906976744185,0.0,0.0,41234.741382709806,55934.96516177957
