mean_temp,std_temp,rain_total,days_rain,snow_total,days_snow,mean_sunshine,mean_daylight
26.16035631035631,0.8549266575146952,860.2787878787879,72.72727272727273,0.0,0.0,31244.090672660674,43152.62144855144
8.640506715506715,6.578883907046426,203.04444444444445,28.944444444444443,29.182222222222222,6.388888888888889,21477.473931623932,38054.91436507936
23.567222777222778,1.6217815322567788,273.18545454545455,35.8,0.11836363636363638,0.01818181818181818,36173.00938061938,43558.32038561439
14.710824175824175,5.652218661545676,260.56666666666666,29.533333333333335,4.470666666666667,0.7,27540.797366300365,39528.34697802198
24.46334961334961,3.8735709865836587,56.45925925925926,8.703703703703704,0.0077777777777777776,0.0,35623.05365079365,41855.3712006512
