mean_temp,std_temp,rain_total,days_rain,snow_total,days_snow,mean_sunshine,mean_daylight
24.440814814814814,1.2146802146650237,173.47,28.9,0.0,0.0,37980.378492592594,43837.56706666667
-2.1742307692307694,4.346967457749893,87.0,14.538461538461538,73.96846153846154,18.384615384615383,16715.8686980057,31944.41773219373
24.745034722222222,0.8157423893724156,590.04375,64.9375,0.09625,0.03125,35390.63365625,44660.977819444444
21.679166666666667,2.059376626898762,24.422222222222224,5.083333333333333,0.21777777777777776,0.027777777777777776,36644.32394444445,41091.2122962963
8.705726495726497,2.6576102842925926,169.6769230769231,22.884615384615383,5.882692307692308,1.6923076923076923,27076.757538461537,35990.368517094015
