mean_temp,std_temp,rain_total,days_rain,snow_total,days_snow,mean_sunshine,mean_daylight
19.56571111111111,1.570727131303031,136.726,23.24,0.0434,0.0,34685.954682222226,40697.70508222222
-3.2809848484848483,6.289522477733366,63.76363636363636,12.0,52.99,14.318181818181818,14605.209565656567,30807.338853535355
24.261598915989158,0.9222068861842687,643.090243902439,63.90243902439025,0.011951219512195124,0.0,35130.73140108401,44848.46785636856
23.15699494949495,1.8597304168343263,7.363636363636363,2.1363636363636362,0.0,0.0,37156.311085858586,41359.558681818184
1.9837103174603175,3.404328216667532,118.0,17.0,20.6475,5.142857142857143,20513.632773809524,33651.85297222222
