mean_temp,std_temp,rain_total,days_rain,snow_total,days_snow,mean_sunshine,mean_daylight
-6.883152173913044,6.017270369682864,12.799999999999999,1.0,112.21,25.0,34420.833260869564,54370.87304347826
26.07760093167702,2.092817774527983,66.11904761904762,13.428571428571429,0.0,0.0,40107.05495082816,44548.79652950311
9.163671875,5.615273835299722,179.54375,29.0625,15.40875,3.53125,35123.74457201087,49378.401647418475
14.974939613526569,4.177919464961513,143.6138888888889,21.416666666666668,0.1711111111111111,0.027777777777777776,37995.429067028985,46880.9254076087
24.386653428093645,1.0950850177873654,526.5057692307693,57.07692307692308,0.04576923076923078,0.019230769230769232,34816.55256270903,43568.777773829424
