mean_temp,std_temp,rain_total,days_rain,snow_total,days_snow,mean_sunshine,mean_daylight
24.36864262498065,1.0073282341934546,493.7676056338028,55.50704225352113,0.03352112676056338,0.014084507042253521,34888.45612753444,43318.393160501466
2.188827838827838,8.556309009216987,115.83333333333333,19.333333333333332,37.63666666666666,12.0,21267.91981684982,37919.6258974359
23.30511411665258,3.389370732585503,81.72820512820513,11.743589743589743,0.0,0.0,37502.60903916596,42788.39917723303
9.077732793522268,5.977784752312428,164.45263157894738,24.63157894736842,8.322631578947368,1.9473684210526316,22535.36967611336,38552.89502602661
14.1549805033676,4.184657487841207,290.6161290322581,31.129032258064516,0.16032258064516128,0.03225806451612903,25644.1107550514,39608.41791208791
