mean_temp,std_temp,rain_total,days_rain,snow_total,days_snow,mean_sunshine,mean_daylight
25.84340183423913,0.9068188427626926,613.521875,62.765625,0.0,0.0,35159.76595448369,45341.67032948369
27.72165678524374,2.140279949333806,29.40909090909091,5.848484848484849,0.0,0.0,44623.6737088274,49802.37209156786
7.330163043478261,1.9545287327926735,530.45,60.5,5.635,2.5,30570.434999999998,38803.69108695652
18.01491020793951,1.4696164662085962,81.20869565217392,9.91304347826087,0.0,0.0,32583.664357277885,40434.44745274102
18.168319194061507,3.021307258577417,257.28536585365856,36.48780487804878,0.037560975609756096,0.0,38814.47252120891,56466.27124337222
