mean_temp,std_temp,rain_total,days_rain,snow_total,days_snow,mean_sunshine,mean_daylight
6.640923913043478,5.755685290945753,181.16500000000002,29.3,36.197,7.85,34217.55554891304,49780.211103260874
25.277688787185355,3.6101073815504403,12.647368421052633,2.473684210526316,0.0,0.0,40750.00299771167,45263.63927345538
11.232938076416337,4.56064887782742,158.04242424242423,25.303030303030305,2.189090909090909,0.6363636363636364,34865.15230237154,48415.984558629774
23.856143667296784,1.7043940467595138,115.89347826086957,20.782608695652176,0.0,0.0,39759.10361294896,44591.05230623819
23.852971014492752,1.0704169091083116,545.7933333333333,60.111111111111114,0.060666666666666674,0.022222222222222223,34261.36161352657,43442.52249516908
