mean_temp,std_temp,rain_total,days_rain,snow_total,days_snow,mean_sunshine,mean_daylight
1.8200072994638212,3.9051061244627276,127.91276595744682,19.638297872340427,63.339574468085104,14.97872340425532,17687.086365299056,34284.2097922389
19.673669434269435,2.880361959016193,187.14399999999998,26.88,0.018666666666666665,0.0,40950.45885408292,52920.913175587404
11.564375703450619,4.329458063894537,203.768345323741,27.56115107913669,4.239280575539568,1.1151079136690647,28807.69645948258,41794.14570457404
25.21619182314323,0.9472938020159678,525.2058823529412,58.333333333333336,0.026627450980392157,0.0,34654.65389542578,43950.20253481227
24.617751075207117,2.212757538987943,34.33529411764706,7.404411764705882,0.0,0.0,38149.224672643446,43789.08517864755
