mean_temp,std_temp,rain_total,days_rain,snow_total,days_snow,mean_sunshine,mean_daylight
6.72719861660079,6.0794647868329035,149.0772727272727,26.136363636363637,30.472272727272728,7.045454545454546,34965.77803853755,49946.60047924902
25.29231719367589,3.3681475236472256,17.10909090909091,3.8636363636363638,0.0,0.0,40718.483942687744,45254.97893280632
11.626911544227886,4.7890619493224085,160.3793103448276,28.275862068965516,1.5448275862068965,0.41379310344827586,35394.285603448276,48688.6832946027
22.586597826086958,1.8428580044118277,157.602,24.02,0.0,0.0,39289.13652391304,44444.87811521739
24.067934782608695,0.9436700153059361,530.3824999999999,61.325,0.040249999999999994,0.0,34793.42945923913,43415.482171195654
