mean_temp,std_temp,rain_total,days_rain,snow_total,days_snow,mean_sunshine,mean_daylight
-0.2761139398903374,4.591634318608801,130.3057142857143,20.457142857142856,72.50999999999999,16.914285714285715,15480.78490725927,32901.468940977866
17.09117968013035,3.4950703694226153,192.84807692307692,28.634615384615383,0.49336538461538465,0.18269230769230768,38594.62241212186,51455.92279196095
8.980752215867243,4.564363277463954,202.0631067961165,27.485436893203882,13.542621359223302,2.9029126213592233,26191.174224555216,39783.19122981289
25.181511179928414,0.9162526156096059,545.0971311475411,58.88934426229508,0.025245901639344263,0.0,34812.32333943268,44086.372925073556
23.846905578197486,2.2188698619040066,46.9210843373494,8.548192771084338,0.0016867469879518074,0.0,37674.11775049457,43340.96232267851
