mean_temp,std_temp,rain_total,days_rain,snow_total,days_snow,mean_sunshine,mean_daylight
20.005277777777778,1.723232489283203,154.0452380952381,22.904761904761905,0.045000000000000005,0.0,34204.96367724868,41732.91409259259
-3.3047916666666666,4.802678934130221,80.80625,13.25,97.7725,23.1875,11830.95625,29895.464048611113
24.27469135802469,0.8252658860740785,558.2488888888889,62.13333333333333,0.5428888888888889,0.2,34476.1062345679,43653.48615308642
21.529252136752138,2.022884392145322,15.184615384615386,3.3461538461538463,0.04307692307692308,0.0,35530.22408119658,40946.94651282051
2.8067973856209147,3.260282932858824,155.1735294117647,24.529411764705884,31.59470588235294,7.4411764705882355,18401.74135620915,33652.138810457516
