mean_temp,std_temp,rain_total,days_rain,snow_total,days_snow,mean_sunshine,mean_daylight
23.89663546330213,1.182139756801546,408.3530864197531,50.22222222222222,0.013827160493827161,0.0,35551.3780952381,43467.84581739249
9.1811420722135,6.12382216283411,169.475,26.5,15.665000000000001,4.071428571428571,23238.853661695448,38720.2076844584
-1.1554945054945056,5.97608405112249,211.1,27.0,124.39,30.0,11971.473846153847,35058.34516483517
13.66330128205128,4.638314601141219,257.09999999999997,29.625,0.44625000000000004,0.08333333333333333,26532.67893772894,39667.4052518315
23.431413414172034,3.6636933625451844,34.248275862068965,6.0,0.0,0.0,37696.4418226601,42222.189158772264
