mean_temp,std_temp,rain_total,days_rain,snow_total,days_snow,mean_sunshine,mean_daylight
25.765677257525084,0.9001616941763303,632.7738461538462,64.29230769230769,0.0,0.0,34268.05974749164,45106.328439799334
29.107336956521742,1.9738738420314936,13.857692307692307,3.769230769230769,0.0,0.0,43717.963578595314,49593.43755434783
9.166304347826086,1.2726434523871815,25.1,8.0,13.16,5.0,37970.10619565217,40784.99369565217
17.81141304347826,1.7480829844355614,66.62916666666666,11.166666666666666,0.014583333333333335,0.0,33792.62105525362,40755.05662137681
20.446288159111933,2.8625661651530447,197.36808510638295,28.361702127659573,0.020851063829787235,0.0,42223.53524051804,55920.98174375578
