mean_temp,std_temp,rain_total,days_rain,snow_total,days_snow,mean_sunshine,mean_daylight
25.723245341614906,0.9073697293699297,616.047142857143,58.65714285714286,0.0,0.0,34695.116144409934,45206.897013975155
28.796913043478263,1.9397617129390767,10.648,2.2,0.0,0.0,44583.22677391305,49397.25772608696
8.241304347826087,2.0576476594987194,317.05,43.5,4.865,1.5,34921.73864130434,39539.93516304348
17.283722826086958,1.7542603636651528,75.095,8.75,0.034999999999999996,0.0,32389.812369565218,40428.762548913044
19.478910680529303,2.7046507793054118,217.9695652173913,31.543478260869566,0.0,0.0,41555.843282136106,56020.23435255199
