mean_temp,std_temp,rain_total,days_rain,snow_total,days_snow,mean_sunshine,mean_daylight
24.114320987654324,1.1921503548396761,119.35833333333332,22.61111111111111,0.0,0.0,37209.15371296296,42692.13913580247
-1.5031908831908833,4.536624503464517,126.31282051282051,18.974358974358974,57.739230769230765,14.794871794871796,14189.430584045584,31620.40094301994
24.097447447447447,0.930130031589412,589.927027027027,62.78378378378378,0.17216216216216215,0.08108108108108109,35311.55021921922,45003.15834534534
21.390476190476193,2.14980761039462,10.435714285714285,2.25,0.0,0.0,36311.180194444445,40634.08446428571
7.801425120772946,2.6114648005257566,243.43478260869566,28.608695652173914,4.534782608695652,1.3043478260869565,26998.641676328505,36191.857265700484
