mean_temp,std_temp,rain_total,days_rain,snow_total,days_snow,mean_sunshine,mean_daylight
20.344525474525476,1.5041083043434393,106.06363636363636,18.90909090909091,0.09927272727272728,0.05454545454545454,35297.3914985015,40690.469278721284
-3.509920634920635,4.850225912014023,68.76111111111112,13.61111111111111,76.73166666666667,21.166666666666668,11577.613009768009,29738.136416361416
24.035812905043674,0.8958431326406079,568.8820512820513,62.717948717948715,0.005384615384615384,0.0,36059.45685263455,45197.957886728655
24.338978668390432,1.413164757084628,3.564705882352941,0.7647058823529411,0.0,0.0,37710.70964447317,41723.655345830644
2.10830639948287,3.5466061764978756,164.92058823529413,22.441176470588236,28.951176470588237,7.588235294117647,21481.957950872657,34100.7164479638
