mean_temp,std_temp,rain_total,days_rain,snow_total,days_snow,mean_sunshine,mean_daylight
0.07030086097477396,5.540282472256882,103.2309090909091,17.12727272727273,37.158545454545454,10.418181818181818,19024.758862911003,34348.19247534687
15.191713752282974,3.615778710381214,207.32456140350877,29.333333333333332,2.7508771929824563,0.8596491228070176,38054.749012051456,51626.747856614784
12.090453175045567,3.6714272913548083,225.46785714285713,27.023809523809526,2.0475000000000003,0.5476190476190477,26676.64282787201,38346.27375415122
24.69001242868013,0.8980332114837348,560.427619047619,61.2952380952381,0.144,0.0380952380952381,35119.03201618598,44149.468050949115
24.60628319588292,1.8929908571206195,58.62328042328042,10.867724867724867,0.0,0.0,38797.19028230576,43837.36761417218
