mean_temp,std_temp,rain_total,days_rain,snow_total,days_snow,mean_sunshine,mean_daylight
5.155193236714975,6.239159353861614,156.34444444444443,25.666666666666668,38.22388888888889,9.166666666666666,33868.39234299517,50274.831666666665
24.40516304347826,3.7575249616933752,14.294999999999998,3.05,0.0,0.0,41524.249201086954,45724.61611413043
10.857643758765779,4.545576091223746,178.83870967741936,30.516129032258064,4.34,1.0,33857.898720196354,48574.17484922861
23.102389430284855,1.804890513721221,150.2844827586207,24.362068965517242,0.0,0.0,39161.09524737631,44331.608131559224
23.794806763285024,1.108822064568044,560.1638888888889,65.77777777777777,0.06611111111111112,0.027777777777777776,34105.48674818841,43373.54564915459
