mean_temp,std_temp,rain_total,days_rain,snow_total,days_snow,mean_sunshine,mean_daylight
-0.3626275898015029,4.8711800717647895,128.13636363636363,20.818181818181817,89.76863636363636,22.181818181818183,14592.30650452808,33694.50776093471
18.85342900832031,3.3954512334662166,225.57927927927926,29.423423423423422,0.7460360360360361,0.1891891891891892,38564.180121544145,51323.53774850101
9.072138959438732,4.714810108097167,200.84298245614033,25.18421052631579,11.420438596491229,2.6842105263157894,24448.308154531394,38950.88363579308
25.549606533003935,1.0192065781613167,579.3264227642276,57.08130081300813,0.06146341463414634,0.012195121951219513,34059.02036369295,43843.45202318316
24.352116706782418,2.2210795877100553,50.6314465408805,8.440251572327044,0.013207547169811321,0.006289308176100629,37430.69841528515,43310.03556197357
