mean_temp,std_temp,rain_total,days_rain,snow_total,days_snow,mean_sunshine,mean_daylight
24.05561284868977,1.0607034854439361,532.34,58.815384615384616,0.042,0.0,34167.53901775148,43241.46423668639
-1.2983516483516484,5.754512483209496,249.7,29.0,130.13,23.0,14162.869230769233,35023.567252747256
23.17418703745234,3.0409117927464533,91.37142857142857,14.510204081632653,0.007142857142857143,0.0,37264.00605965463,42811.3556447634
10.063302486986698,5.443047526132154,208.06842105263158,25.36842105263158,12.43421052631579,3.1052631578947367,24452.70902834008,39104.53896471949
12.137476316786662,4.65898023278349,197.69310344827588,28.03448275862069,0.6541379310344827,0.20689655172413793,23870.716036377413,38929.87769988632
