mean_temp,std_temp,rain_total,days_rain,snow_total,days_snow,mean_sunshine,mean_daylight
0.23069300550707877,5.807747247815878,95.53421052631579,17.86842105263158,52.89421052631579,14.763157894736842,16684.33469874519,33640.41210611186
18.602385694422825,3.119014633960992,214.96067415730337,29.179775280898877,0.17224719101123595,0.06741573033707865,40014.05774984297,52123.77282784509
9.778761289551962,4.527730775637231,213.35967741935482,27.161290322580644,6.626290322580645,1.8306451612903225,27823.170678384555,40822.31005434783
25.113986174944717,0.912538680136843,556.0323008849558,58.29203539823009,0.050176991150442475,0.017699115044247787,34802.742506178416,44040.292683158994
24.533691864036587,2.099966158090469,48.21942857142857,8.937142857142858,0.0,0.0,38522.753795481534,43531.87256162037
