mean_temp,std_temp,rain_total,days_rain,snow_total,days_snow,mean_sunshine,mean_daylight
-0.4638972126597544,4.704115153356601,153.47948717948717,21.53846153846154,65.82871794871794,16.53846153846154,15350.452983225867,32552.867566635086
18.094647865786804,3.1742696266849983,213.9695652173913,28.434782608695652,0.21,0.043478260869565216,40487.80923641492,53327.18202645964
7.977421044341677,5.14583076439322,158.77641509433963,24.830188679245282,13.859339622641508,3.4150943396226414,28158.5683394451,42447.35493162318
24.254829475997585,0.9859880483914814,579.90407239819,61.23529411764706,0.09407239819004524,0.00904977375565611,34536.81523301041,44035.11271059148
22.837114070283775,2.05760430928546,68.14884792626728,11.815668202764977,0.017096774193548388,0.009216589861751152,38058.151327369116,43190.11793030727
