mean_temp,std_temp,rain_total,days_rain,snow_total,days_snow,mean_sunshine,mean_daylight
25.448426346528226,0.9099400621983359,571.1626865671642,59.850746268656714,0.0,0.0,34391.37720798183,45368.699143413374
28.133507525083612,1.9862651622385883,21.49230769230769,3.269230769230769,0.0,0.0,44427.448014214046,49277.0720819398
7.175543478260869,2.1635354123244728,424.95,49.0,7.035,2.5,37535.316467391305,54383.75391304348
17.160089792060493,1.749533199860407,58.52608695652174,9.217391304347826,0.05478260869565217,0.0,33108.965463137996,40293.092079395086
19.61687198067633,3.0651561177176934,179.0688888888889,27.622222222222224,0.0,0.0,42220.75511111111,55761.62823188406
