mean_temp,std_temp,rain_total,days_rain,snow_total,days_snow,mean_sunshine,mean_daylight
24.438223443223443,1.0030289870655085,586.1066666666667,62.983333333333334,0.009333333333333334,0.0,33666.48965018315,43050.18190476191
9.88193092621664,5.5755788733598495,190.53428571428572,25.428571428571427,7.774000000000001,2.3714285714285714,23983.356091051806,39070.04804081633
6.378510378510379,5.952968501485529,223.8111111111111,31.22222222222222,45.13444444444445,11.222222222222221,19538.78500610501,38212.54334554335
21.606103678929767,2.5691140137881545,142.75652173913045,20.26086956521739,0.007608695652173913,0.0,36717.50968227425,43175.13183707597
23.990405748098055,4.169859892408473,4.684615384615385,0.9230769230769231,0.0,0.0,37926.330346576506,41674.245266272184
