mean_temp,std_temp,rain_total,days_rain,snow_total,days_snow,mean_sunshine,mean_daylight
24.15608733371891,0.8686219796659447,629.6868421052632,69.23684210526316,0.05526315789473685,0.0,33966.16419895893,43167.18669462117
12.307346357346356,5.173802917873643,164.82962962962964,23.59259259259259,1.0085185185185186,0.2962962962962963,26926.02477818478,39428.97866503867
7.204395604395605,6.296297310826839,155.8608695652174,23.434782608695652,20.884347826086955,5.565217391304348,22271.589431438126,38465.0610367893
23.216430684699915,1.7362201415653806,266.37884615384615,34.76923076923077,0.0,0.0,36211.39643913778,43532.43490912933
23.94916387959866,3.72482755992574,64.22608695652174,10.521739130434783,0.0,0.0,36937.32313903488,41898.53760630673
