mean_temp,std_temp,rain_total,days_rain,snow_total,days_snow,mean_sunshine,mean_daylight
-1.3642846967846969,4.315568082262695,113.42222222222222,18.0,101.36,24.444444444444443,10463.156570750238,29681.831765092928
19.04728503425697,3.284738194264619,242.3455223880597,29.455223880597014,0.4058955223880597,0.11194029850746269,37580.4900083309,49482.51467139398
8.19374164895904,4.82139484163072,191.1045045045045,26.7027027027027,20.03891891891892,4.486486486486487,25194.740395329154,40099.794676716374
25.516184583532407,0.9402660045587509,590.5346666666666,60.20444444444445,0.0815111111111111,0.02666666666666667,34003.36814170362,43948.37684899778
23.87764120335303,2.192028367409817,57.66219512195122,9.841463414634147,0.022621951219512194,0.006097560975609756,36821.28090296973,42974.5839406348
