mean_temp,std_temp,rain_total,days_rain,snow_total,days_snow,mean_sunshine,mean_daylight
-3.2536621741784786,5.025644487131869,96.07222222222222,13.916666666666666,66.5213888888889,17.02777777777778,14559.043560180762,32127.058456561554
20.850856019336653,2.09152508628059,182.90305676855897,28.895196506550217,0.08100436681222707,0.03056768558951965,37566.20185527449,45787.004476222464
7.509187047774004,5.125076210067057,195.87117117117117,29.207207207207208,14.886666666666667,3.900900900900901,27010.80021720837,42438.27961536309
24.14296242032713,0.9015213115040646,637.7324468085106,70.25,0.044308510638297875,0.005319148936170213,34196.34949719048,44037.80281188689
24.127471984537202,2.4029123808293353,12.1875,2.8863636363636362,0.07318181818181818,0.022727272727272728,39898.97144720768,44534.806887894716
