mean_temp,std_temp,rain_total,days_rain,snow_total,days_snow,mean_sunshine,mean_daylight
19.8762617012617,1.4743857003953336,141.3574074074074,23.40740740740741,0.050555555555555555,0.0,35446.105616605615,41127.49481277981
-4.223226773226774,5.21941943602754,52.72727272727273,11.272727272727273,79.24636363636364,23.545454545454547,10102.484285714287,28614.204195804195
23.80006868131868,0.8353289189909268,671.3000000000001,69.34375,0.16625,0.03125,34834.744237637366,45075.102716346155
21.778139717425432,1.5784797842972047,11.517857142857142,2.392857142857143,0.0,0.0,37114.40760596546,41188.82261381475
1.3941295546558705,3.741222049083177,113.65526315789472,19.789473684210527,23.40947368421053,6.315789473684211,20596.2278021978,33507.12893580104
