mean_temp,std_temp,rain_total,days_rain,snow_total,days_snow,mean_sunshine,mean_daylight
25.442904164115124,0.8713498583335606,529.6901408450705,57.014084507042256,0.0,0.0,35507.01123392529,45393.427985303126
27.676254180602008,2.2647528862145343,6.276923076923077,1.6153846153846154,0.0,0.0,45514.620376254185,50274.41035953177
7.1048913043478255,1.3742542389711407,716.4,79.0,10.64,3.0,36953.91967391304,40798.0077173913
16.76741493383743,1.6345144085040868,89.01304347826088,10.521739130434783,0.021304347826086957,0.0,32480.05740075614,40304.84336483932
18.369099378881987,2.888147404283098,207.38809523809522,29.761904761904763,0.011666666666666667,0.0,41108.72047360249,56359.330608178054
