mean_temp,std_temp,rain_total,days_rain,snow_total,days_snow,mean_sunshine,mean_daylight
-1.5269216435738175,4.395357251308845,97.63,16.025,78.2915,19.2,16456.031319678692,32538.007826277404
18.5624942913769,3.112237102479601,230.912,29.653333333333332,0.0616,0.02666666666666667,40166.81299612465,52851.412034616624
9.074116729713163,5.4574201005852085,169.97435897435898,23.982905982905983,11.286752136752137,2.8803418803418803,29175.451659667804,42248.90325513776
24.62930630898693,0.9935179869698636,519.6810699588477,58.06172839506173,0.05934156378600823,0.01646090534979424,35096.9760260856,43898.76163249174
23.356429077554726,2.254760150159812,50.648022598870064,9.225988700564972,0.0007909604519774012,0.0,38069.51401281676,43370.34980601602
