mean_temp,std_temp,rain_total,days_rain,snow_total,days_snow,mean_sunshine,mean_daylight
25.419363354037266,0.9581629216267621,623.5071428571429,63.457142857142856,0.0,0.0,33648.18794875776,45262.15788043479
28.98763043478261,2.0845751756809814,27.576,4.52,0.0,0.0,43689.85337826087,50038.58773043478
8.291123188405797,1.9600227908440866,176.79999999999998,19.333333333333332,7.723333333333333,2.0,30403.618442028983,48702.456231884054
16.719384057971016,1.750369402797538,78.64761904761905,10.238095238095237,0.03,0.0,32758.386231884062,40409.07622670807
20.742650691699605,2.809591872272097,209.9340909090909,27.59090909090909,0.0,0.0,41972.78535820158,55746.69722826087
