mean_temp,std_temp,rain_total,days_rain,snow_total,days_snow,mean_sunshine,mean_daylight
5.825860507246378,5.190939951262393,204.475,29.833333333333332,56.88666666666666,12.416666666666666,32043.920842391308,50837.47300724638
22.752980895915677,3.672239148551193,54.26060606060606,9.93939393939394,0.012727272727272726,0.0,40020.91446969697,45923.24130434783
10.830093167701865,4.7183408364570685,170.30857142857144,31.17142857142857,4.568,1.1428571428571428,34722.52525465839,48818.31547204969
23.30469367588933,1.597656005549531,207.51363636363638,33.75,0.0,0.0,38308.280140810275,43983.87070652174
25.121348940914157,0.9167286950311639,555.5282051282051,61.82051282051282,0.3912820512820513,0.1282051282051282,34735.42987736901,43497.6779710145
