mean_temp,std_temp,rain_total,days_rain,snow_total,days_snow,mean_sunshine,mean_daylight
26.128178963893248,0.908188181383081,680.9673469387756,68.08163265306122,0.0,0.0,32746.80381475667,42993.53191971294
7.593727106227107,6.110868597616789,150.68333333333334,23.166666666666668,25.229166666666668,6.666666666666667,23721.863434065934,38368.018186813184
21.68137808137808,1.757247316957445,227.04324324324324,29.675675675675677,0.12864864864864864,0.02702702702702703,36442.78456786457,44033.179521829516
12.995734528629265,5.141487104473202,234.65526315789472,28.57894736842105,1.4939473684210525,0.42105263157894735,25677.048126084443,39098.88609022556
23.8021978021978,4.241928813032673,58.974074074074075,7.962962962962963,0.015555555555555557,0.0,36394.21013024013,41838.24312983313
