mean_temp,std_temp,rain_total,days_rain,snow_total,days_snow,mean_sunshine,mean_daylight
20.95433962264151,1.3801295960445745,131.62075471698114,21.79245283018868,0.0,0.0,35059.583486373165,41173.546714884695
-4.66491452991453,5.691828686686116,61.02307692307692,13.23076923076923,68.43307692307692,17.692307692307693,10882.30970940171,29267.116846153844
24.23095238095238,0.9808369086518957,670.1571428571428,62.542857142857144,0.07,0.0,34613.8405015873,45022.93918730159
20.518162393162395,1.8065989760250456,10.0,2.1923076923076925,0.2153846153846154,0.07692307692307693,36495.158905982906,40689.74849145299
3.2085956790123458,3.51252830454395,171.3861111111111,27.694444444444443,23.932222222222222,5.111111111111111,18977.317820987653,33548.4984845679
