mean_temp,std_temp,rain_total,days_rain,snow_total,days_snow,mean_sunshine,mean_daylight
24.240035388340473,1.0149911020377127,611.1813559322034,65.37288135593221,0.11745762711864406,0.03389830508474576,33861.892227602904,43054.09528962563
13.743717948717949,5.750944393012617,187.98666666666668,23.7,1.5446666666666666,0.43333333333333335,28272.615304029303,39893.567919413916
8.086607142857142,6.815455188724869,160.6875,24.666666666666668,22.505,5.5,21838.983264652015,38331.72899725274
21.971903771903772,2.1246880316889873,155.4,22.756756756756758,0.0,0.0,37378.18533709534,43890.40767448767
25.011749788672866,3.949632201568493,7.9692307692307685,1.6923076923076923,0.0,0.0,37801.25927303466,41706.155257819104
