mean_temp,std_temp,rain_total,days_rain,snow_total,days_snow,mean_sunshine,mean_daylight
20.608814102564104,1.4461553851978233,127.57115384615385,22.0,0.0,0.0,35546.65753418804,41212.488893162394
-3.760343915343915,5.246654396368421,55.48571428571429,10.19047619047619,76.29333333333334,20.095238095238095,14089.619513227513,30714.907232804235
23.958333333333336,0.8593539440618212,594.6567567567567,64.94594594594595,0.13243243243243244,0.0,35669.17368468468,44883.85101801802
22.617525252525255,1.818736706164205,4.300000000000001,0.8636363636363636,0.0,0.0,37177.9347979798,41194.76808080808
1.7963799283154123,3.6474583986972355,131.9548387096774,20.258064516129032,25.649354838709677,6.064516129032258,20651.63487096774,33869.422806451614
