mean_temp,std_temp,rain_total,days_rain,snow_total,days_snow,mean_sunshine,mean_daylight
-1.8301776936831287,4.8430364216493835,81.425,13.931818181818182,51.73795454545454,12.909090909090908,17325.185252244733,32762.161631420513
21.391065983705737,2.1229160030922567,158.12727272727273,23.926406926406926,0.02484848484848485,0.008658008658008658,38330.181289521264,46120.41115551472
9.262693237943843,5.264024524766222,181.68425925925928,24.63888888888889,8.718240740740741,2.3796296296296298,29081.613539391295,42319.38524020422
24.92029838938629,0.8650166658139128,619.3021739130435,64.6413043478261,0.05668478260869565,0.010869565217391304,34543.993620901914,44134.94844329918
24.74488942444313,2.4305118562625228,8.105882352941176,2.011764705882353,0.0024705882352941176,0.0,39699.0019773231,44302.96485361975
