mean_temp,std_temp,rain_total,days_rain,snow_total,days_snow,mean_sunshine,mean_daylight
5.170777591973244,7.7067837111788995,138.58461538461538,22.384615384615383,41.83846153846154,10.153846153846153,31306.9310451505,50039.37130434783
23.49491847826087,3.5412307388401167,21.125,4.8,0.2975,0.1,40886.87664130435,45946.57336413043
8.357833583208395,5.5954816370469835,214.0310344827586,32.241379310344826,14.64448275862069,3.9655172413793105,33496.66102323838,49433.8209970015
22.3570836403832,2.235285970278533,173.41186440677964,25.593220338983052,0.02372881355932203,0.0,38576.14294767871,44672.804077008106
24.112305900621116,0.9709591654831193,544.8309523809525,61.38095238095238,0.008333333333333335,0.0,34379.12078416149,43495.556560559
