mean_temp,std_temp,rain_total,days_rain,snow_total,days_snow,mean_sunshine,mean_daylight
20.501314814814815,1.6907793893623335,139.40166666666667,21.7,0.126,0.06666666666666667,34883.88154814815,40908.23983148148
-4.313888888888889,5.429489453850714,61.3625,13.375,87.5875,25.25,6747.677333333333,26808.28238888889
24.257003367003367,1.0493203427400968,585.3424242424243,64.24242424242425,0.05515151515151515,0.030303030303030304,35714.960542087545,45114.27435690236
23.574973544973545,1.8544977900609034,6.071428571428571,1.2857142857142858,0.0,0.0,37577.88441798942,41572.84145502645
1.1546476964769647,4.328273873517328,99.4560975609756,16.414634146341463,29.423902439024392,7.121951219512195,20587.787051490515,33478.20654200542
