mean_temp,std_temp,rain_total,days_rain,snow_total,days_snow,mean_sunshine,mean_daylight
-3.3979159588398717,5.446998952139985,60.050000000000004,12.166666666666666,77.10111111111112,19.77777777777778,14312.010565479875,31563.186968958846
16.648909842489264,3.7531804600092453,219.68910891089106,29.95049504950495,0.8400000000000001,0.16831683168316833,37776.41100343594,51165.37369821454
5.945739354727397,5.626785040024138,170.114,24.76,19.3865,4.96,24281.48773155837,39676.0530921986
24.539064621110427,1.038914692226437,497.70436507936506,55.47222222222222,0.0661111111111111,0.027777777777777776,35088.01833745263,43759.51887202081
23.283708712018225,2.272695658004618,49.0889502762431,8.237569060773481,0.012375690607734809,0.0,37980.079949112434,43213.25905393728
