mean_temp,std_temp,rain_total,days_rain,snow_total,days_snow,mean_sunshine,mean_daylight
20.561363104980124,1.6724138780438034,183.8744680851064,25.127659574468087,0.05361702127659575,0.02127659574468085,34077.40062426935,41113.81160626608
-2.7198587127158556,5.3411709306279365,76.45714285714287,14.428571428571429,93.60000000000001,25.642857142857142,10637.598492935635,29282.75535321821
24.995474262579524,0.8685124171335965,643.6789473684211,61.921052631578945,0.2726315789473684,0.05263157894736842,34381.8909832273,44211.85703007519
22.453757532789794,1.6996101781823378,16.296774193548387,3.161290322580645,0.11064516129032259,0.03225806451612903,35736.835320808226,41117.18664303439
3.5841491841491844,3.543275419780252,151.36060606060605,23.78787878787879,21.333030303030302,5.151515151515151,18345.10839160839,33598.05697635697
