mean_temp,std_temp,rain_total,days_rain,snow_total,days_snow,mean_sunshine,mean_daylight
24.947755634196312,0.9966005024894211,599.106779661017,63.28813559322034,0.0735593220338983,0.01694915254237288,33654.68401937046,43075.62508474576
4.902518315018315,7.639788894974527,110.89166666666667,20.083333333333332,37.17583333333334,10.666666666666666,19508.31807692308,37710.04205128205
24.554156712852365,3.6740256304227485,20.791304347826088,4.130434782608695,0.0,0.0,37788.932087912086,41936.06460105113
12.133189783189783,5.8473226252137716,221.16486486486488,28.324324324324323,3.3997297297297298,0.7837837837837838,25352.86612117612,39248.00593703594
22.09283997252747,2.185974541590374,181.303125,24.0,0.0,0.0,36562.85468406593,43794.49534684066
