mean_temp,std_temp,rain_total,days_rain,snow_total,days_snow,mean_sunshine,mean_daylight
24.930514855514858,0.8718327424460858,552.8629629629629,65.9074074074074,0.11018518518518519,0.018518518518518517,34706.00247252747,43016.78157102157
12.159325809325809,5.005115373513597,214.36216216216215,25.64864864864865,2.1018918918918916,0.5945945945945946,25701.27374814375,39516.493314523315
6.053453689167975,6.345044117962514,171.25,24.857142857142858,22.925,6.285714285714286,21007.640714285713,38003.05430141288
22.35841658341658,2.205375764803606,183.4318181818182,23.227272727272727,0.0,0.0,36845.2806018981,43688.456895604395
24.20070643642072,4.206951089984903,11.328571428571427,3.0,0.0,0.0,37525.676444270015,41664.58263736264
