mean_temp,std_temp,rain_total,days_rain,snow_total,days_snow,mean_sunshine,mean_daylight
25.29846547314578,0.8876478491315978,662.8470588235294,63.61764705882353,0.0,0.0,34400.5246946931,45316.3133935422
28.21182608695652,2.005318074860561,28.576,4.04,0.0,0.0,44252.56763043478,49447.48072608696
7.755978260869565,2.0218885231507677,389.35,53.0,5.95,1.5,36782.27130434783,54446.920815217396
16.95459486166008,1.836835013685613,65.37727272727273,10.590909090909092,0.009545454545454546,0.0,32606.83770750988,40087.862801383395
19.33709829867675,2.9930434796846384,223.48695652173913,30.847826086956523,0.0,0.0,41230.815328449906,55678.7082963138
