mean_temp,std_temp,rain_total,days_rain,snow_total,days_snow,mean_sunshine,mean_daylight
-2.998412157064903,5.473871943569357,109.57105263157894,17.63157894736842,83.93368421052632,20.81578947368421,16812.732670430258,32976.5502493902
14.910204828168727,4.235677201522907,180.8955357142857,26.901785714285715,4.305000000000001,1.2410714285714286,38804.28260053707,51523.46724984643
10.329323682792694,4.219894028564555,205.06914893617022,24.76595744680851,5.777234042553192,1.3191489361702127,25857.705651538567,37816.03945070194
24.698999828296703,0.9556585273394973,508.22109375,56.0859375,0.09214843749999999,0.03125,35228.095458242504,44154.82253715417
24.288149172052204,2.1984913577565988,38.76381578947369,7.493421052631579,0.0,0.0,38897.69002502075,43870.63472233573
