mean_temp,std_temp,rain_total,days_rain,snow_total,days_snow,mean_sunshine,mean_daylight
20.802060439560442,1.4867830874874142,132.39464285714286,25.535714285714285,0.0,0.0,35648.10773351648,41329.00011970173
-5.44493006993007,5.7092776731707255,48.55,8.590909090909092,75.06545454545454,19.318181818181817,12866.147692307692,30777.873381618385
22.902747252747254,0.9298624338195193,666.5157894736843,71.3157894736842,0.08473684210526317,0.0,34128.86562174668,44293.93642567958
21.932157316367842,1.5942818564006427,8.173684210526316,2.0526315789473686,0.3389473684210526,0.10526315789473684,37351.0665876229,41277.366743782535
1.3094583987441129,3.5091014014082944,170.16428571428574,24.25,25.9625,7.392857142857143,19783.00498037677,33768.87039638932
