mean_temp,std_temp,rain_total,days_rain,snow_total,days_snow,mean_sunshine,mean_daylight
25.059700644183405,0.9552755613062603,555.4224137931035,62.43103448275862,0.07844827586206896,0.017241379310344827,34307.18870215991,43086.34730390299
15.5567260325881,4.9930892976729995,184.17586206896553,24.0,0.5093103448275862,0.1724137931034483,30706.964145509664,40125.26520272831
9.2398440269408,5.808843703689109,155.47096774193548,21.580645161290324,18.157096774193548,4.419354838709677,23126.057922722437,38509.439170506914
22.242216117216117,2.0108979025829856,166.99333333333334,22.6,0.0,0.0,37522.76226007326,44425.42014652015
24.589743589743588,3.988701024132587,15.773333333333335,2.466666666666667,0.098,0.0,37770.7167912088,41796.36573626373
