mean_temp,std_temp,rain_total,days_rain,snow_total,days_snow,mean_sunshine,mean_daylight
19.84360119047619,1.4892014963486884,123.43571428571428,20.571428571428573,0.008749999999999999,0.0,35293.11748412698,40964.71527182539
-2.729346405228758,5.538405526044951,96.91176470588235,18.705882352941178,58.54470588235294,16.529411764705884,11884.258954248367,29251.058241830062
24.315730158730158,0.8276091277075864,612.44,62.25714285714286,0.012000000000000002,0.0,34801.31715873016,44732.64393333334
21.522955555555555,1.8681250957211164,8.783999999999999,1.64,0.1008,0.04,36970.53829333333,41152.91607111111
3.013833333333333,3.293724521128372,143.98,23.033333333333335,17.665666666666667,5.1,20666.051444444445,33878.46609259259
