mean_temp,std_temp,rain_total,days_rain,snow_total,days_snow,mean_sunshine,mean_daylight
5.795018115942029,5.520106833442572,151.60000000000002,26.166666666666668,47.88388888888889,10.833333333333334,32340.108894927536,50594.58907608696
25.12261904761905,3.7595136955723065,10.742857142857142,2.2857142857142856,0.0,0.0,39496.23714285714,45563.87042960663
10.471348505434783,4.825182628692659,189.621875,29.71875,6.899375,1.6875,34111.69526154891,48482.778885869564
22.76958462732919,1.8436282875597683,170.37678571428572,28.303571428571427,0.053750000000000006,0.0,38192.09688276397,44353.6579076087
24.818900966183573,0.784599328422509,581.6361111111112,64.0,0.0,0.0,33285.405893719806,43430.675
