mean_temp,std_temp,rain_total,days_rain,snow_total,days_snow,mean_sunshine,mean_daylight
5.24,8.487224261981085,589.84,104.0,112.273,30.8,24660.323835616437,44589.97387945205
23.154763081068943,2.646728365613968,955.7065573770492,128.88524590163934,0.021803278688524587,0.0,36858.87214821469,43679.927420166176
10.942359589041097,9.180167801670715,594.0600000000001,86.075,51.369499999999995,12.625,31691.92064452055,44040.47132534247
24.103908390410957,1.3026527602417346,2594.3375,248.78125,1.666875,0.46875,34005.176647260276,43639.17475
23.360835616438358,5.508595314322198,169.745,28.0,0.11199999999999999,0.05,38798.9456219178,43727.846324657534
