mean_temp,std_temp,rain_total,days_rain,snow_total,days_snow,mean_sunshine,mean_daylight
6.79508460918614,9.26591197409155,654.3941176470589,104.94117647058823,97.85176470588236,25.941176470588236,26456.618751007252,44394.64706365834
23.948587328767122,2.031467216078028,993.8312500000001,139.0625,0.35874999999999996,0.041666666666666664,36594.1216706621,43647.42664611872
11.705280199252803,8.684538809438072,620.7121212121212,91.0909090909091,40.237272727272725,10.272727272727273,31763.60386135326,44024.31387463678
23.739562404870625,1.2111220398042235,2445.0916666666667,251.08333333333334,0.22361111111111112,0.08333333333333333,34415.39618493151,43636.03515525114
22.164567784600848,5.708257526188123,306.2931034482759,42.206896551724135,0.1520689655172414,0.034482758620689655,38148.7765422768,43776.215610769956
