mean_temp,std_temp,rain_total,days_rain,snow_total,days_snow,mean_sunshine,mean_daylight
24.350154420921545,1.7227241841901997,1177.1545454545455,148.61818181818182,0.006363636363636363,0.0,36402.36052851805,43646.306124533
11.64700290577003,8.043768344542388,818.821212121212,104.60606060606061,35.118787878787884,9.181818181818182,31124.712587795766,44031.75382067248
21.406921613394218,5.561167161591511,332.82222222222225,45.30555555555556,0.39083333333333337,0.1111111111111111,38179.56921461187,43771.033672754944
6.614767123287671,8.645631627151081,691.6733333333334,112.0,110.40866666666668,30.333333333333332,26038.969620091324,44425.99133515982
23.76076484018265,1.1489686164863449,2874.7958333333336,274.0416666666667,0.49583333333333335,0.16666666666666666,33122.79762442922,43635.66833675799
