mean_temp,std_temp,rain_total,days_rain,snow_total,days_snow,mean_sunshine,mean_daylight
24.59452815829528,1.7130174438527144,1078.388888888889,145.59259259259258,0.016851851851851854,0.0,36518.65909538305,43648.63557229833
10.61414585012087,8.618052524332576,693.8058823529412,97.82352941176471,67.68588235294118,16.58823529411765,30063.328203062047,44048.906962127316
21.04876712328767,5.691761592128958,385.0972972972973,49.32432432432432,0.8172972972972974,0.1891891891891892,37801.354336912256,43769.599924472415
5.987203196347032,8.444087206087959,644.5666666666667,108.66666666666667,115.45333333333333,32.083333333333336,25076.458043378996,44514.63175114155
23.451707060063224,1.2814112892825813,2683.8423076923073,264.84615384615387,1.5965384615384615,0.2692307692307692,33001.82893466807,43640.21391043203
