mean_temp,std_temp,rain_total,days_rain,snow_total,days_snow,mean_sunshine,mean_daylight
5.451448140900196,9.583454018182357,533.2357142857143,89.0,109.51,31.357142857142858,27837.324499021524,44441.03109393346
22.5452186512118,2.564776737393979,846.8461538461538,117.26923076923077,0.01076923076923077,0.0,36964.01608798736,43682.015219704954
11.720479452054795,7.781965947004675,903.4749999999999,116.0,27.593611111111112,7.694444444444445,30026.552254946728,44032.01149315069
24.510098349139444,1.244111479485638,2278.753846153846,238.28205128205127,0.7735897435897435,0.20512820512820512,34432.407888303474,43637.95077906568
23.801288916562893,5.490140243403192,187.44545454545457,30.40909090909091,0.10500000000000002,0.045454545454545456,38733.56228767123,43741.393935242835
