mean_temp,std_temp,rain_total,days_rain,snow_total,days_snow,mean_sunshine,mean_daylight
6.71458904109589,7.908906280190216,816.7666666666668,116.33333333333333,199.67499999999998,46.416666666666664,23931.225691780823,44499.08503881278
22.853636852001074,2.6567916589177245,1071.350980392157,142.4313725490196,1.2201960784313726,0.2549019607843137,36180.31078592533,43672.05307440236
12.233581213307241,8.24233265673423,842.94,111.14285714285714,46.266,10.857142857142858,30078.709070058707,44044.143096673186
26.176223620881153,1.16642027646987,2585.7702702702704,234.94594594594594,0.0,0.0,32972.398524250275,43633.125215105516
22.64205968688845,5.740069734772755,301.3892857142857,41.142857142857146,1.6999999999999997,0.35714285714285715,36672.56549119374,43775.69207338552
