mean_temp,std_temp,rain_total,days_rain,snow_total,days_snow,mean_sunshine,mean_daylight
21.08434187016081,3.3830725533370014,773.2826086956521,102.08695652173913,0.9039130434782608,0.2391304347826087,36295.67475104229,43693.204779035135
11.234710806697109,8.448308968034054,773.4694444444444,103.55555555555556,58.16416666666666,14.027777777777779,30246.26193759513,44047.04572146119
24.29341704718417,6.016525148924163,121.52222222222223,19.555555555555557,1.6994444444444445,0.5,37609.10296042618,43762.98674885844
6.077409713574098,8.185860606697968,781.2454545454544,115.36363636363636,174.16636363636363,42.54545454545455,24308.925394769616,44542.399270236616
25.43249736564805,1.2305662635587655,2083.2115384615386,226.3846153846154,0.0026923076923076926,0.0,34593.52349947313,43648.25648735511
