mean_temp,std_temp,rain_total,days_rain,snow_total,days_snow,mean_sunshine,mean_daylight
23.797059166423782,1.6135353904701024,1120.0191489361703,162.27659574468086,0.8370212765957448,0.2127659574468085,36367.31131914894,43639.89794986884
11.498972602739727,8.80087130936852,726.9117647058823,104.11764705882354,41.48117647058824,9.794117647058824,30507.618098307816,44045.15158742949
21.90530641672675,5.58273046232056,334.34999999999997,47.63157894736842,0.6576315789473683,0.15789473684210525,37456.660109589044,43761.854894015865
6.879090019569472,7.524296723498574,851.5214285714285,127.14285714285714,179.70000000000002,40.07142857142857,25029.13118395303,44426.34246966732
25.47742922374429,1.3111342363843335,2807.983333333333,251.86666666666667,0.0,0.0,32821.4917369863,43648.167650228315
