mean_temp,std_temp,rain_total,days_rain,snow_total,days_snow,mean_sunshine,mean_daylight
21.358037763791188,3.745171142524779,737.8945945945945,103.86486486486487,0.20243243243243245,0.02702702702702703,36036.46054202147,43706.49798074787
12.581088485746019,8.406777428860645,766.8891891891892,103.8108108108108,49.976216216216216,12.08108108108108,30748.097691225474,44020.77035912625
25.08515410958904,5.272124860325579,157.08125,23.375,0.0,0.0,37336.15232534247,43716.416376712325
6.799497716894977,8.824158741114864,698.66,109.46666666666667,166.59066666666666,39.46666666666667,25887.604949771692,44409.69629589041
24.93085498346717,1.2395551854124875,1999.7810344827587,222.4655172413793,0.0,0.0,34338.500488899386,43645.809493150686
