mean_temp,std_temp,rain_total,days_rain,snow_total,days_snow,mean_sunshine,mean_daylight
22.707443696308335,2.64711886179771,816.3796610169492,117.15254237288136,0.15542372881355931,0.06779661016949153,37132.020534014395,43671.123188298116
10.205729250604351,8.583422795680152,691.8058823529412,103.73529411764706,57.14264705882353,13.735294117647058,29683.130125705076,44081.69586784851
22.209034869240348,6.160712672744722,145.9,26.545454545454547,3.3249999999999997,0.5,38602.29666625156,43792.56988169365
5.688904109589041,9.01752887700703,702.7545454545455,112.18181818181819,148.46363636363637,40.90909090909091,25189.42309838107,44473.12670734745
23.904557571269898,1.3898404507012068,2304.0189189189186,243.72972972972974,1.538108108108108,0.40540540540540543,34331.3965457238,43647.84641836357
