mean_temp,std_temp,rain_total,days_rain,snow_total,days_snow,mean_sunshine,mean_daylight
7.517468123861566,8.501377367473847,781.5400000000001,114.86666666666666,156.06733333333332,38.4,25365.282692167577,44355.80891803279
21.99054272230502,3.2414667394724117,1078.159090909091,118.70454545454545,0.754090909090909,0.25,35554.83264592648,43687.14763661202
12.685856386612022,8.174399071877735,843.528125,109.71875,30.261875,6.9375,29866.642173838798,44010.076854508196
26.633539704685504,1.2728877432072674,2317.9617021276595,225.85106382978722,0.0,0.0,34131.92894256482,43642.56545169166
23.30422404371585,5.831248762618751,248.796,36.28,1.3719999999999999,0.4,37098.47744043716,43735.63812240437
