mean_temp,std_temp,rain_total,days_rain,snow_total,days_snow,mean_sunshine,mean_daylight
24.450553317217295,1.8804221050920837,985.8450980392157,132.0,0.00411764705882353,0.0,36371.774466290626,43649.02348374966
11.622240128928283,8.12529248847485,627.9117647058823,95.38235294117646,36.997058823529414,9.029411764705882,30751.936293311846,44058.823893634166
21.847085235920854,5.676197157909559,322.56111111111113,46.861111111111114,0.8633333333333333,0.2222222222222222,38150.79277625571,43759.794772450536
6.384467860906217,8.130911340140184,660.376923076923,108.15384615384616,122.2523076923077,33.76923076923077,26493.046103266595,44443.46918018967
23.96178554558337,1.3439487060378337,2569.558620689655,249.58620689655172,1.716206896551724,0.5862068965517241,33740.069810108645,43646.62458667927
