mean_temp,std_temp,rain_total,days_rain,snow_total,days_snow,mean_sunshine,mean_daylight
20.13918250110473,4.240949943282286,701.9161290322581,87.93548387096774,0.7903225806451613,0.25806451612903225,36266.8132434821,43699.641608484315
10.290954990215264,8.900649455604734,774.7371428571429,100.45714285714286,71.052,17.0,30974.358839138942,44037.82128062622
23.402754145638067,5.724674520133882,139.0894736842105,24.94736842105263,0.3389473684210526,0.05263157894736842,38576.174981975484,43769.59231146359
6.113234984193888,8.271190147788632,614.8923076923077,97.92307692307692,149.17000000000002,38.69230769230769,25834.332305584827,44475.67808640675
24.965913593256058,1.3799331681173785,1797.6353846153847,206.52307692307693,0.22184615384615383,0.06153846153846154,35614.58834351949,43649.10607966281
