mean_temp,std_temp,rain_total,days_rain,snow_total,days_snow,mean_sunshine,mean_daylight
22.477313446206217,2.731911104193834,869.7540983606557,116.21311475409836,0.11016393442622952,0.03278688524590164,37054.43108035474,43676.287406163225
11.198323733569636,8.228643386774197,777.081081081081,102.1891891891892,38.25783783783784,9.864864864864865,31040.602328311918,44005.16384802836
23.626545423497266,6.382066415914632,108.73125,21.5,0.7481249999999999,0.3125,38949.83013490437,43757.37097336065
6.338456284153005,7.53069858420061,735.0833333333334,121.5,140.36166666666668,36.0,25278.082219945354,44443.48650500911
24.2754246049328,1.2642338864087295,2420.6729729729727,243.21621621621622,0.2856756756756757,0.08108108108108109,33717.76883769014,43639.272338650124
