mean_temp,std_temp,rain_total,days_rain,snow_total,days_snow,mean_sunshine,mean_daylight
7.326250525430854,7.2500417574606555,815.0307692307692,122.76923076923077,137.8946153846154,33.76923076923077,25737.724743589744,44388.00593526692
21.472798322531453,3.700448665754113,783.3790697674419,98.0,0.37279069767441864,0.09302325581395349,36277.49888105223,43700.74083301563
12.020753317720532,7.801205691317362,791.18,106.17142857142858,30.718000000000004,7.257142857142857,30564.441065573774,44013.83251522248
25.177136115250867,1.3393931275927629,2178.818181818182,227.78181818181818,0.0,0.0,34386.36519374068,43645.63134525583
24.33389585342334,5.751198188611999,163.48823529411766,26.352941176470587,0.045294117647058825,0.0,37408.492957248476,43726.152126325935
