mean_temp,std_temp,rain_total,days_rain,snow_total,days_snow,mean_sunshine,mean_daylight
23.10192017005196,2.3910393838574384,967.3448275862069,127.91379310344827,0.01810344827586207,0.0,36607.45560510156,43672.2586891828
11.333094485423253,7.41167805951801,915.3358974358974,123.12820512820512,36.13974358974359,7.717948717948718,29603.241345978222,44081.931131717596
22.849199157007376,5.598632977368221,215.94615384615386,31.807692307692307,0.5761538461538461,0.19230769230769232,38645.66511064278,43760.97769125395
5.2694977168949775,9.884189926815607,568.7888888888889,91.44444444444444,121.80000000000001,34.0,26792.979202435312,44482.82320243531
24.522832523199295,1.1238097743988498,2531.6161290322584,248.80645161290323,0.5170967741935484,0.0967741935483871,33619.70650110473,43633.79292532037
