mean_temp,std_temp,rain_total,days_rain,snow_total,days_snow,mean_sunshine,mean_daylight
24.50245677071637,2.122511811478139,1109.4868852459017,138.62295081967213,0.0,0.0,36576.01443161913,43650.36718796317
11.117010273972603,8.430735522513165,678.3125,96.275,41.881,10.225,30596.4425869863,44027.41978013699
22.520454794520546,5.471720836140119,213.65200000000002,35.28,0.27440000000000003,0.12,38573.44416219178,43769.28581917808
5.332397260273972,8.23476530833137,710.0083333333333,116.58333333333333,142.975,37.583333333333336,24301.008175799085,44497.607621004565
23.611052054794524,1.4565713846372175,2636.5959999999995,264.08,1.2963999999999998,0.52,33912.952089863014,43641.43589589042
