mean_temp,std_temp,rain_total,days_rain,snow_total,days_snow,mean_sunshine,mean_daylight
6.199614726027397,9.487355657491248,659.9875,105.0,117.0575,33.125,24806.02216609589,44430.20094349315
23.560165927069267,2.5645356307093445,1223.8366197183097,143.14084507042253,0.09366197183098592,0.04225352112676056,36024.60575033764,43673.2131595601
10.432853881278538,9.073487785764666,802.1266666666667,102.86666666666666,76.25099999999999,18.633333333333333,30042.346905022834,44034.35916438357
23.675944014294224,1.1184205663853612,2923.230434782609,285.5652173913044,0.35608695652173916,0.043478260869565216,33040.89825848719,43630.68597974985
23.05401429422275,5.676685731873008,182.15652173913045,26.869565217391305,0.9769565217391304,0.30434782608695654,38660.954887433,43772.09690053603
